statiz_2024_batting,,,,,,,,,,,,,,,,,,,,,,,,,,,,,,,,,,
Rank,Name,Team,Sort▼,G,oWAR,dWAR,PA,ePA,AB,R,H,2B,3B,HR,TB,RBI,SB,CS,BB,HP,IB,SO,GDP,SH,SF,AVG,OBP,SLG,OPS,R/ePA,wRC+,WAR▼,image_url,team
1,김도영,24 3B,8.32,141,8.51,-0.18,625,619,544,143,189,29,10,38,352,109,40,4,66,7,7,110,10,1,7,0.347,0.42,0.647,1.067,0.232,172.5,8.32,https://statiz.sporki.com/data/team/ci/2024/2002.svg,KIA Tigers
2,로하스,24 RF,6.5,144,6.34,0.16,670,664,572,108,188,39,1,32,325,112,2,1,88,6,9,115,10,0,4,0.329,0.421,0.568,0.989,0.211,153.3,6.5,https://statiz.sporki.com/data/team/ci/2024/12001.svg,Doosan Bears
3,송성문,24 3B,6.13,142,5.83,0.29,602,601,527,88,179,29,4,19,273,104,21,0,64,3,2,82,5,0,8,0.34,0.409,0.518,0.927,0.191,148.9,6.13,https://statiz.sporki.com/data/team/ci/2024/10001.svg,Kiwoom Heroes
4,구자욱,24 LF,5.69,129,5.61,0.08,568,563,493,92,169,39,1,33,309,115,13,4,55,12,4,73,6,2,6,0.343,0.417,0.627,1.044,0.228,162.3,5.69,https://statiz.sporki.com/data/team/ci/2024/1001.svg,Hanwha Eagles
5,김혜성,24 2B,5.16,127,4.47,0.69,567,565,509,90,166,26,4,11,233,75,30,6,47,4,2,62,6,0,7,0.326,0.383,0.458,0.841,0.16,124.1,5.16,https://statiz.sporki.com/data/team/ci/2024/10001.svg,Kiwoom Heroes
6,오스틴,24 1B,5.06,140,4.9,0.17,604,600,527,99,168,32,3,32,302,132,12,8,61,3,6,82,9,0,13,0.319,0.384,0.573,0.957,0.192,147.8,5.06,https://statiz.sporki.com/data/team/ci/2024/5002.svg,Lotte Giants
7,홍창기,24 RF,5.06,139,4.48,0.59,637,635,524,96,176,18,3,5,215,73,10,11,96,12,3,93,8,1,4,0.336,0.447,0.41,0.857,0.185,142.3,5.06,https://statiz.sporki.com/data/team/ci/2024/5002.svg,Lotte Giants
8,박민우,24 2B,4.7,121,4.11,0.58,528,520,457,75,150,26,2,8,204,50,32,7,54,9,4,79,5,4,4,0.328,0.406,0.446,0.852,0.172,129.6,4.7,https://statiz.sporki.com/data/team/ci/2024/11001.svg,KT Wiz
9,최정,24 3B,4.55,129,4.65,-0.09,550,550,468,93,136,27,2,37,278,107,5,1,55,20,1,114,10,0,7,0.291,0.384,0.594,0.978,0.202,145.9,4.55,https://statiz.sporki.com/data/team/ci/2024/9002.svg,SSG Landers
10,에레디아,24 LF,4.42,136,4.09,0.33,591,588,541,82,195,31,1,21,291,118,4,3,28,13,3,73,12,0,9,0.36,0.399,0.538,0.937,0.191,137.2,4.42,https://statiz.sporki.com/data/team/ci/2024/9002.svg,SSG Landers
11,박동원,24 C,4.4,130,3.43,0.96,498,495,434,58,118,22,0,20,200,80,1,0,55,0,2,112,14,2,7,0.272,0.349,0.461,0.81,0.144,111,4.4,https://statiz.sporki.com/data/team/ci/2024/5002.svg,Lotte Giants
12,문보경,24 3B,4.32,144,4.47,-0.15,602,597,519,80,156,35,3,22,263,101,7,6,65,2,3,112,14,3,13,0.301,0.372,0.507,0.879,0.169,130.4,4.32,https://statiz.sporki.com/data/team/ci/2024/5002.svg,Lotte Giants
13,김지찬,24 CF,3.98,135,3.58,0.41,535,521,453,102,143,16,3,3,174,36,42,4,60,9,2,40,5,12,1,0.316,0.405,0.384,0.789,0.157,112.7,3.98,https://statiz.sporki.com/data/team/ci/2024/1001.svg,Hanwha Eagles
14,데이비슨,24 1B,3.98,131,4.26,-0.28,567,565,504,90,154,25,1,46,319,119,0,1,39,17,5,142,12,0,7,0.306,0.37,0.633,1.003,0.203,153.9,3.98,https://statiz.sporki.com/data/team/ci/2024/11001.svg,KT Wiz
15,권희동,24 LF,3.77,123,3.48,0.29,511,509,416,66,125,22,1,13,188,77,4,0,77,10,1,63,10,2,6,0.3,0.417,0.452,0.869,0.182,137.9,3.77,https://statiz.sporki.com/data/team/ci/2024/11001.svg,KT Wiz
16,김주원,24 SS,3.75,134,3.07,0.68,475,466,385,61,97,18,2,9,146,49,16,6,51,25,1,111,5,9,5,0.252,0.371,0.379,0.75,0.143,108.4,3.75,https://statiz.sporki.com/data/team/ci/2024/11001.svg,KT Wiz
17,강승호,24 2B,3.71,140,2.9,0.81,566,561,521,81,146,34,7,18,248,81,16,5,32,7,4,158,8,2,4,0.28,0.328,0.476,0.804,0.136,104.3,3.71,https://statiz.sporki.com/data/team/ci/2024/6002.svg,NC Dinos
18,박성한,24 SS,3.6,137,3.5,0.1,564,559,489,78,147,24,0,10,201,67,13,3,64,2,3,86,11,3,6,0.301,0.38,0.411,0.791,0.145,104,3.6,https://statiz.sporki.com/data/team/ci/2024/9002.svg,SSG Landers
19,소크라테스,24 LF,3.42,140,3.52,-0.1,602,599,552,92,171,30,3,26,285,97,13,5,41,4,4,91,7,0,5,0.31,0.359,0.516,0.875,0.163,121.2,3.42,https://statiz.sporki.com/data/team/ci/2024/2002.svg,KIA Tigers
20,레이예스,24 RF,3.4,144,3.98,-0.58,632,631,574,88,202,40,3,15,293,111,5,0,46,1,2,82,16,0,11,0.352,0.394,0.51,0.904,0.179,127.5,3.4,https://statiz.sporki.com/data/team/ci/2024/3001.svg,LG Twins
21,강민호,24 C,3.32,136,3.02,0.3,452,450,403,48,122,19,1,19,200,77,3,0,35,8,2,52,17,0,6,0.303,0.365,0.496,0.861,0.161,115.6,3.32,https://statiz.sporki.com/data/team/ci/2024/1001.svg,Hanwha Eagles
22,장성우,24 C,3.23,131,3.13,0.1,489,486,418,53,112,19,0,19,188,81,5,0,60,1,1,86,8,2,8,0.268,0.355,0.45,0.805,0.144,104.2,3.23,https://statiz.sporki.com/data/team/ci/2024/12001.svg,Doosan Bears
23,양의지,24 C,3.21,119,3.4,-0.19,485,482,430,57,135,18,1,17,206,94,2,1,40,9,5,56,13,0,6,0.314,0.379,0.479,0.858,0.164,125.3,3.21,https://statiz.sporki.com/data/team/ci/2024/6002.svg,NC Dinos
24,허경민,24 3B,3.2,115,2.99,0.21,477,477,417,69,129,28,0,7,178,61,5,1,36,18,0,25,8,0,6,0.309,0.384,0.427,0.811,0.16,122,3.2,https://statiz.sporki.com/data/team/ci/2024/6002.svg,NC Dinos
25,도슨,24 LF,3.17,95,3.07,0.1,429,429,382,69,126,31,2,11,194,57,2,2,39,6,0,54,10,0,2,0.33,0.399,0.508,0.907,0.187,145.9,3.17,https://statiz.sporki.com/data/team/ci/2024/10001.svg,Kiwoom Heroes
26,윤동희,24 CF,3.13,141,2.9,0.23,613,610,532,97,156,35,4,14,241,85,7,8,67,7,1,114,10,2,5,0.293,0.376,0.453,0.829,0.159,113.1,3.13,https://statiz.sporki.com/data/team/ci/2024/3001.svg,LG Twins
27,김재환,24 DH,3.09,136,3.37,-0.28,552,549,474,78,134,28,0,29,249,92,1,1,63,6,3,168,8,0,9,0.283,0.368,0.525,0.893,0.173,132,3.09,https://statiz.sporki.com/data/team/ci/2024/6002.svg,NC Dinos
28,고승민,24 2B,3.08,120,2.96,0.12,532,531,481,79,148,27,6,14,229,87,5,4,41,1,0,78,10,1,8,0.308,0.358,0.476,0.834,0.152,107.9,3.08,https://statiz.sporki.com/data/team/ci/2024/3001.svg,LG Twins
29,이재현,24 SS,3.03,109,2.43,0.6,458,457,389,71,101,18,1,14,163,66,2,1,58,8,1,83,8,0,3,0.26,0.365,0.419,0.784,0.146,104.8,3.03,https://statiz.sporki.com/data/team/ci/2024/1001.svg,Hanwha Eagles
30,오지환,24 SS,3,108,2.67,0.33,428,426,370,67,94,24,2,10,152,59,17,4,51,4,0,106,8,2,1,0.254,0.35,0.411,0.761,0.136,104.5,3,https://statiz.sporki.com/data/team/ci/2024/5002.svg,Lotte Giants
31,정수빈,24 CF,2.97,136,2.52,0.45,608,598,510,95,145,21,3,4,184,47,52,13,71,9,1,72,8,10,8,0.284,0.376,0.361,0.737,0.131,100.2,2.97,https://statiz.sporki.com/data/team/ci/2024/6002.svg,NC Dinos
32,박찬호,24 SS,2.78,134,2.58,0.2,577,570,515,86,158,24,1,5,199,61,20,13,48,1,1,44,9,7,6,0.307,0.363,0.386,0.749,0.129,95.7,2.78,https://statiz.sporki.com/data/team/ci/2024/2002.svg,KIA Tigers
33,박건우,24 RF,2.64,89,2.96,-0.32,362,360,323,58,111,23,1,13,175,53,4,0,33,4,3,54,7,0,2,0.344,0.409,0.542,0.951,0.198,150.1,2.64,https://statiz.sporki.com/data/team/ci/2024/11001.svg,KT Wiz
34,신민재,24 2B,2.64,128,3.11,-0.47,474,459,387,78,115,11,6,0,138,40,32,11,64,5,1,47,7,15,3,0.297,0.401,0.357,0.758,0.148,114.2,2.64,https://statiz.sporki.com/data/team/ci/2024/5002.svg,Lotte Giants
35,노시환,24 3B,2.41,136,2.5,-0.08,601,597,526,88,143,20,2,24,239,89,6,0,60,11,9,129,10,0,4,0.272,0.356,0.454,0.81,0.145,106.5,2.41,https://statiz.sporki.com/data/team/ci/2024/7002.svg,Samsung Lions
36,문성주,24 LF,2.41,96,1.85,0.56,361,360,305,47,96,16,2,0,116,48,13,7,49,3,0,38,4,1,3,0.315,0.411,0.38,0.791,0.158,120.8,2.41,https://statiz.sporki.com/data/team/ci/2024/5002.svg,Lotte Giants
37,김선빈,24 2B,2.38,116,2.98,-0.6,466,458,423,48,139,23,0,9,189,57,5,1,30,5,0,39,13,7,0,0.329,0.38,0.447,0.827,0.156,117.4,2.38,https://statiz.sporki.com/data/team/ci/2024/2002.svg,KIA Tigers
38,황성빈,24 CF,2.33,125,2.46,-0.13,406,400,366,94,117,15,8,4,160,26,51,10,31,2,0,56,3,6,1,0.32,0.375,0.437,0.812,0.153,109,2.33,https://statiz.sporki.com/data/team/ci/2024/3001.svg,LG Twins
39,김영웅,24 3B,2.29,126,1.59,0.71,509,508,456,65,115,16,3,28,221,79,9,2,45,3,0,155,2,1,4,0.252,0.321,0.485,0.806,0.137,97.8,2.29,https://statiz.sporki.com/data/team/ci/2024/1001.svg,Hanwha Eagles
40,김휘집,24 SS,2.24,140,1.66,0.57,562,557,488,78,126,24,1,16,200,73,4,3,52,10,1,119,16,4,8,0.258,0.337,0.41,0.747,0.125,95,2.24,https://statiz.sporki.com/data/team/ci/2024/11001.svg,KT Wiz
41,나승엽,24 1B,2.22,121,2.83,-0.61,489,486,407,59,127,35,4,7,191,66,1,0,69,4,1,83,4,2,7,0.312,0.411,0.469,0.88,0.182,129.7,2.22,https://statiz.sporki.com/data/team/ci/2024/3001.svg,LG Twins
42,손호영,24 3B,2.21,102,2.89,-0.68,430,427,398,70,126,26,4,18,214,78,7,4,17,9,2,65,6,1,5,0.317,0.354,0.538,0.892,0.169,120.6,2.21,https://statiz.sporki.com/data/team/ci/2024/3001.svg,LG Twins
43,김민혁,24 LF,2.2,115,2.08,0.12,393,389,351,47,124,14,3,1,147,34,4,2,35,1,1,45,9,3,3,0.353,0.41,0.419,0.829,0.164,118,2.2,https://statiz.sporki.com/data/team/ci/2024/12001.svg,Doosan Bears
44,최원준,24 CF,2.17,136,2.43,-0.26,508,501,438,75,128,23,3,9,184,56,21,9,50,8,0,66,6,7,5,0.292,0.371,0.42,0.791,0.147,110.1,2.17,https://statiz.sporki.com/data/team/ci/2024/2002.svg,KIA Tigers
45,양석환,24 1B,2.17,142,1.79,0.37,593,592,533,83,131,25,1,34,260,107,5,3,49,7,1,128,15,1,3,0.246,0.316,0.488,0.804,0.136,104.5,2.17,https://statiz.sporki.com/data/team/ci/2024/6002.svg,NC Dinos
46,페라자,24 LF,2.13,122,2.27,-0.14,522,518,455,75,125,24,0,24,221,70,7,5,63,2,5,129,6,0,2,0.275,0.364,0.486,0.85,0.158,116.7,2.13,https://statiz.sporki.com/data/team/ci/2024/7002.svg,Samsung Lions
47,강백호,24 DH,2.12,144,2.46,-0.34,614,612,550,92,159,27,0,26,264,96,6,2,59,3,4,127,6,0,2,0.289,0.36,0.48,0.84,0.154,112.3,2.12,https://statiz.sporki.com/data/team/ci/2024/12001.svg,Doosan Bears
48,박해민,24 CF,2.03,144,1.44,0.59,553,548,482,72,127,16,6,6,173,56,43,13,46,11,0,101,3,5,9,0.263,0.336,0.359,0.695,0.112,86.1,2.03,https://statiz.sporki.com/data/team/ci/2024/5002.svg,Lotte Giants
49,이주형,24 RF,1.96,115,1.72,0.25,537,536,473,82,126,19,3,13,190,60,6,0,49,14,1,119,4,0,1,0.266,0.352,0.402,0.754,0.133,103.6,1.96,https://statiz.sporki.com/data/team/ci/2024/10001.svg,Kiwoom Heroes
50,김상수,24 SS,1.89,113,1.77,0.13,420,413,369,60,102,18,4,4,140,45,3,2,37,6,0,59,12,7,1,0.276,0.351,0.379,0.73,0.126,91.5,1.89,https://statiz.sporki.com/data/team/ci/2024/12001.svg,Doosan Bears
51,최재훈,24 C,1.82,116,1.69,0.13,348,340,280,34,72,10,0,4,94,37,0,0,33,21,0,58,10,8,6,0.257,0.371,0.336,0.707,0.131,96.6,1.82,https://statiz.sporki.com/data/team/ci/2024/7002.svg,Samsung Lions
52,정준재,24 2B,1.8,88,1.52,0.28,240,237,215,40,66,8,5,1,87,23,16,5,19,3,0,49,3,3,0,0.307,0.371,0.405,0.776,0.143,103.2,1.8,https://statiz.sporki.com/data/team/ci/2024/9002.svg,SSG Landers
53,전준우,24 DH,1.8,109,2.15,-0.36,483,482,423,57,124,26,2,17,205,82,3,1,49,5,0,84,11,1,5,0.293,0.369,0.485,0.854,0.163,115.7,1.8,https://statiz.sporki.com/data/team/ci/2024/3001.svg,LG Twins
54,최지훈,24 CF,1.76,125,2.03,-0.27,543,537,483,89,133,22,7,11,202,49,32,5,50,2,0,71,5,6,2,0.275,0.345,0.418,0.763,0.128,92.2,1.76,https://statiz.sporki.com/data/team/ci/2024/9002.svg,SSG Landers
55,나성범,24 RF,1.73,102,1.89,-0.16,424,422,374,51,109,17,1,21,191,80,0,0,38,4,1,98,8,0,7,0.291,0.357,0.511,0.868,0.16,118.4,1.73,https://statiz.sporki.com/data/team/ci/2024/2002.svg,KIA Tigers
56,라모스,24 RF,1.68,80,1.9,-0.22,348,346,311,43,95,19,3,10,150,48,3,3,27,3,1,60,5,1,6,0.305,0.36,0.482,0.842,0.154,119.6,1.68,https://statiz.sporki.com/data/team/ci/2024/6002.svg,NC Dinos
57,문상철,24 1B,1.64,125,0.96,0.68,403,401,347,50,89,11,0,17,151,58,6,1,45,7,2,86,8,1,3,0.256,0.351,0.435,0.786,0.139,101.7,1.64,https://statiz.sporki.com/data/team/ci/2024/12001.svg,Doosan Bears
58,제러드,24 RF,1.59,38,2.09,-0.5,169,169,144,29,47,16,1,10,95,39,4,0,21,3,0,35,0,0,1,0.326,0.42,0.66,1.08,0.241,183.7,1.59,https://statiz.sporki.com/data/team/ci/2024/6002.svg,NC Dinos
59,최형우,24 DH,1.54,116,1.83,-0.29,487,486,425,67,119,23,2,22,212,109,1,1,52,5,4,86,5,0,5,0.28,0.361,0.499,0.86,0.161,119,1.54,https://statiz.sporki.com/data/team/ci/2024/2002.svg,KIA Tigers
60,한준수,24 C,1.54,115,1.66,-0.12,316,316,287,39,88,22,0,7,131,41,0,0,21,2,1,48,7,0,6,0.307,0.351,0.456,0.807,0.141,105.2,1.54,https://statiz.sporki.com/data/team/ci/2024/2002.svg,KIA Tigers
61,이지영,24 C,1.53,123,0.96,0.57,432,425,398,45,111,11,1,5,139,50,8,1,18,7,0,35,10,7,2,0.279,0.32,0.349,0.669,0.097,70.1,1.53,https://statiz.sporki.com/data/team/ci/2024/9002.svg,SSG Landers
62,오윤석,24 2B,1.52,73,1.36,0.16,201,198,174,33,51,12,2,6,85,27,0,1,18,4,0,41,7,3,2,0.293,0.369,0.489,0.858,0.166,120.7,1.52,https://statiz.sporki.com/data/team/ci/2024/12001.svg,Doosan Bears
63,서건창,24 1B,1.51,94,1.54,-0.02,248,245,203,40,63,14,1,1,82,26,3,1,36,3,0,31,2,3,3,0.31,0.416,0.404,0.82,0.169,124.5,1.51,https://statiz.sporki.com/data/team/ci/2024/2002.svg,KIA Tigers
64,박준영,24 SS,1.47,65,0.91,0.56,212,211,186,25,42,9,2,7,76,28,2,0,21,3,0,58,3,1,1,0.226,0.313,0.409,0.722,0.114,86.6,1.47,https://statiz.sporki.com/data/team/ci/2024/6002.svg,NC Dinos
65,이용규,24 CF,1.42,60,1.43,-0.01,227,224,183,27,56,5,2,1,68,12,2,2,31,9,0,33,4,3,1,0.306,0.429,0.372,0.801,0.172,136.7,1.42,https://statiz.sporki.com/data/team/ci/2024/10001.svg,Kiwoom Heroes
66,서호철,24 3B,1.39,141,1.28,0.11,567,561,512,68,146,19,3,10,201,61,1,3,30,16,0,101,15,6,3,0.285,0.342,0.393,0.735,0.123,93.3,1.39,https://statiz.sporki.com/data/team/ci/2024/11001.svg,KT Wiz
67,황영묵,24 2B,1.39,123,1.38,0.01,389,386,349,52,105,8,4,3,130,35,4,7,31,5,0,56,6,3,1,0.301,0.365,0.372,0.737,0.129,95.1,1.39,https://statiz.sporki.com/data/team/ci/2024/7002.svg,Samsung Lions
68,안치홍,24 DH,1.33,128,1.65,-0.31,533,531,473,64,142,21,0,13,202,66,3,2,49,6,1,70,10,1,4,0.3,0.37,0.427,0.797,0.146,107.9,1.33,https://statiz.sporki.com/data/team/ci/2024/7002.svg,Samsung Lions
69,구본혁,24 SS,1.29,133,0.73,0.56,389,385,339,48,87,14,2,2,111,43,8,4,38,4,0,51,7,4,4,0.257,0.335,0.327,0.662,0.101,77.6,1.29,https://statiz.sporki.com/data/team/ci/2024/5002.svg,Lotte Giants
70,오태곤,24 1B,1.29,117,1.19,0.09,288,281,247,43,68,16,0,9,111,36,27,4,31,1,2,73,4,6,3,0.275,0.355,0.449,0.804,0.143,102.4,1.29,https://statiz.sporki.com/data/team/ci/2024/9002.svg,SSG Landers
71,최인호,24 LF,1.18,82,0.86,0.32,244,240,210,37,60,13,2,2,83,22,3,0,25,3,0,31,3,4,2,0.286,0.367,0.395,0.762,0.139,102.2,1.18,https://statiz.sporki.com/data/team/ci/2024/7002.svg,Samsung Lions
72,김기연,24 C,1.16,95,0.85,0.31,283,279,252,31,70,10,0,5,95,31,0,2,22,2,0,47,5,4,3,0.278,0.337,0.377,0.714,0.113,86.7,1.16,https://statiz.sporki.com/data/team/ci/2024/6002.svg,NC Dinos
73,채은성,24 1B,1.14,124,1.32,-0.18,498,498,436,61,118,24,0,20,202,83,1,1,49,8,1,83,12,0,5,0.271,0.351,0.463,0.814,0.147,108.9,1.14,https://statiz.sporki.com/data/team/ci/2024/7002.svg,Samsung Lions
74,김태군,24 C,1.13,105,0.81,0.32,270,259,235,24,62,7,0,7,90,34,0,0,12,11,0,24,14,11,1,0.264,0.328,0.383,0.711,0.115,85.3,1.13,https://statiz.sporki.com/data/team/ci/2024/2002.svg,KIA Tigers
75,이성규,24 RF,1.11,122,1.02,0.08,355,351,302,56,73,10,1,22,151,57,9,2,31,15,0,109,5,4,3,0.242,0.339,0.5,0.839,0.149,106.1,1.11,https://statiz.sporki.com/data/team/ci/2024/1001.svg,Hanwha Eagles
76,김현수,24 LF,1.06,137,1.49,-0.43,583,582,517,61,152,36,2,8,216,69,6,1,47,9,1,76,10,1,9,0.294,0.357,0.418,0.775,0.136,104.7,1.06,https://statiz.sporki.com/data/team/ci/2024/5002.svg,Lotte Giants
77,김헌곤,24 LF,1.05,117,0.87,0.18,311,307,281,43,85,8,1,9,122,34,4,2,22,3,0,50,5,4,1,0.302,0.358,0.434,0.792,0.142,101,1.05,https://statiz.sporki.com/data/team/ci/2024/1001.svg,Hanwha Eagles
78,윤정빈,24 RF,1.05,69,0.67,0.38,188,188,161,26,46,4,1,7,73,20,1,3,22,3,0,47,1,0,2,0.286,0.378,0.453,0.831,0.159,113.7,1.05,https://statiz.sporki.com/data/team/ci/2024/1001.svg,Hanwha Eagles
79,박승욱,24 SS,1.01,139,1.65,-0.64,468,463,405,57,106,19,1,7,148,53,4,5,47,10,3,120,7,3,3,0.262,0.351,0.365,0.716,0.121,86.4,1.01,https://statiz.sporki.com/data/team/ci/2024/3001.svg,LG Twins
80,이유찬,24 3B,1.01,103,0.67,0.33,262,255,231,39,64,11,0,3,84,23,16,6,22,1,0,51,9,7,1,0.277,0.341,0.364,0.705,0.115,87.9,1.01,https://statiz.sporki.com/data/team/ci/2024/6002.svg,NC Dinos
81,조수행,24 LF,0.97,130,0.4,0.57,382,368,328,60,87,5,2,0,96,30,64,8,33,3,1,53,2,14,4,0.265,0.334,0.293,0.627,0.085,65.5,0.97,https://statiz.sporki.com/data/team/ci/2024/6002.svg,NC Dinos
82,배정대,24 CF,0.88,113,1.41,-0.52,473,464,404,49,111,25,1,7,159,59,9,7,50,4,1,114,5,8,7,0.275,0.355,0.394,0.749,0.129,94.1,0.88,https://statiz.sporki.com/data/team/ci/2024/12001.svg,Doosan Bears
83,신본기,24 SS,0.82,84,0.84,-0.02,152,143,122,18,34,3,0,3,46,19,2,0,16,3,0,28,3,9,2,0.279,0.371,0.377,0.748,0.135,97.6,0.82,https://statiz.sporki.com/data/team/ci/2024/12001.svg,Doosan Bears
84,정훈,24 1B,0.76,109,0.76,0,325,324,285,31,76,20,0,9,123,47,1,1,35,0,0,63,3,1,4,0.267,0.343,0.432,0.775,0.133,94.9,0.76,https://statiz.sporki.com/data/team/ci/2024/3001.svg,LG Twins
85,변우혁,24 1B,0.72,69,0.77,-0.04,187,187,168,22,51,9,2,5,79,21,1,0,16,2,0,48,8,0,1,0.304,0.369,0.47,0.839,0.159,119,0.72,https://statiz.sporki.com/data/team/ci/2024/2002.svg,KIA Tigers
86,김재호,24 SS,0.68,57,0.99,-0.31,154,147,126,20,38,5,0,1,46,11,0,0,19,1,0,23,4,7,1,0.302,0.395,0.365,0.76,0.144,112.2,0.68,https://statiz.sporki.com/data/team/ci/2024/6002.svg,NC Dinos
87,추신수,24 DH,0.67,78,0.64,0.02,302,300,253,40,71,14,1,5,102,37,5,1,37,4,0,68,2,2,6,0.281,0.373,0.403,0.776,0.143,102,0.67,https://statiz.sporki.com/data/team/ci/2024/9002.svg,SSG Landers
88,심우준,24 SS,0.64,53,0.65,-0.01,192,187,169,22,45,4,0,3,58,28,7,1,17,1,0,29,3,5,0,0.266,0.337,0.343,0.68,0.105,75.5,0.64,https://statiz.sporki.com/data/team/ci/2024/12001.svg,Doosan Bears
89,최정원,24 CF,0.62,65,0.55,0.06,155,154,131,33,37,5,0,1,45,14,7,3,17,4,0,34,1,1,2,0.282,0.377,0.344,0.721,0.131,99,0.62,https://statiz.sporki.com/data/team/ci/2024/11001.svg,KT Wiz
90,김태연,24 RF,0.61,126,1.43,-0.82,472,466,413,59,120,24,0,12,180,61,5,2,45,4,0,89,9,6,4,0.291,0.363,0.436,0.799,0.145,106.5,0.61,https://statiz.sporki.com/data/team/ci/2024/7002.svg,Samsung Lions
91,이도윤,24 SS,0.59,134,0.74,-0.14,374,368,336,49,93,10,3,1,112,46,6,4,26,3,0,56,5,6,3,0.277,0.332,0.333,0.665,0.098,72.4,0.59,https://statiz.sporki.com/data/team/ci/2024/7002.svg,Samsung Lions
92,장진혁,24 CF,0.58,99,0.57,0,327,322,289,56,76,16,0,9,119,44,14,6,29,3,0,72,6,5,1,0.263,0.335,0.412,0.747,0.125,91.6,0.58,https://statiz.sporki.com/data/team/ci/2024/7002.svg,Samsung Lions
93,이창진,24 LF,0.54,103,0.8,-0.26,247,242,191,36,50,10,0,1,63,18,4,3,45,2,0,36,6,5,4,0.262,0.401,0.33,0.731,0.144,107,0.54,https://statiz.sporki.com/data/team/ci/2024/2002.svg,KIA Tigers
94,디아즈,24 1B,0.53,29,0.21,0.32,118,118,110,14,31,5,0,7,57,19,0,0,6,2,0,25,2,0,0,0.282,0.331,0.518,0.849,0.152,107.9,0.53,https://statiz.sporki.com/data/team/ci/2024/1001.svg,Hanwha Eagles
95,맥키넌,24 1B,0.51,72,0.35,0.17,315,313,272,28,80,13,0,4,105,36,1,0,39,1,3,33,6,0,3,0.294,0.381,0.386,0.767,0.135,96.5,0.51,https://statiz.sporki.com/data/team/ci/2024/1001.svg,Hanwha Eagles
96,문현빈,24 2B,0.5,103,0.63,-0.14,289,287,260,29,72,16,2,5,107,47,3,5,24,2,1,53,9,1,2,0.277,0.34,0.412,0.752,0.126,93.2,0.5,https://statiz.sporki.com/data/team/ci/2024/7002.svg,Samsung Lions
97,윤도현,24 2B,0.5,6,0.33,0.16,27,27,27,5,11,2,0,1,16,8,1,0,0,0,0,9,0,0,0,0.407,0.407,0.593,1,0.212,154.7,0.5,https://statiz.sporki.com/data/team/ci/2024/2002.svg,KIA Tigers
98,박세혁,24 C,0.48,82,0.69,-0.21,171,166,148,21,39,9,0,1,51,10,4,0,14,3,0,43,3,5,1,0.264,0.337,0.345,0.682,0.108,82.4,0.48,https://statiz.sporki.com/data/team/ci/2024/11001.svg,KT Wiz
99,박상언,24 C,0.47,27,0.48,-0.02,52,52,42,4,12,3,0,0,15,4,1,0,9,1,0,12,0,0,0,0.286,0.423,0.357,0.78,0.166,119.8,0.47,https://statiz.sporki.com/data/team/ci/2024/7002.svg,Samsung Lions
100,조대현,24 C,0.46,26,0.17,0.29,45,40,36,2,11,2,0,0,13,3,0,0,3,0,0,12,1,5,1,0.306,0.35,0.361,0.711,0.113,81.4,0.46,https://statiz.sporki.com/data/team/ci/2024/12001.svg,Doosan Bears
101,박정우,24 CF,0.42,66,0.05,0.37,69,69,65,17,20,3,1,0,25,11,0,1,4,0,0,14,3,0,0,0.308,0.348,0.385,0.733,0.121,89.2,0.42,https://statiz.sporki.com/data/team/ci/2024/2002.svg,KIA Tigers
102,김형준,24 C,0.42,119,0.31,0.11,414,407,354,39,69,12,0,17,132,50,0,0,45,2,0,144,6,7,6,0.195,0.285,0.373,0.658,0.086,64.9,0.42,https://statiz.sporki.com/data/team/ci/2024/11001.svg,KT Wiz
103,권광민,24 LF,0.4,19,0.31,0.09,51,51,48,10,13,3,0,4,28,9,0,0,3,0,0,17,0,0,0,0.271,0.314,0.583,0.897,0.16,119.1,0.4,https://statiz.sporki.com/data/team/ci/2024/7002.svg,Samsung Lions
104,천재환,24 RF,0.37,89,0.56,-0.2,236,233,215,31,61,9,1,5,87,33,8,2,13,4,0,52,7,3,1,0.284,0.335,0.405,0.74,0.121,91.5,0.37,https://statiz.sporki.com/data/team/ci/2024/11001.svg,KT Wiz
105,박병호,24 1B,0.36,120,0.06,0.31,406,406,350,52,81,7,0,23,157,70,4,0,47,7,0,121,13,0,2,0.231,0.333,0.449,0.782,0.135,96.6,0.36,https://statiz.sporki.com/data/team/ci/2024/1001.svg,Hanwha Eagles
106,이형종,24 RF,0.36,35,0.28,0.08,126,125,102,19,22,3,0,4,37,19,1,0,22,1,1,27,1,1,0,0.216,0.36,0.363,0.723,0.128,100.7,0.36,https://statiz.sporki.com/data/team/ci/2024/10001.svg,Kiwoom Heroes
107,강현우,24 C,0.34,18,0.46,-0.12,36,34,26,4,8,1,0,1,12,8,0,0,8,0,0,10,0,2,0,0.308,0.471,0.462,0.933,0.216,161.1,0.34,https://statiz.sporki.com/data/team/ci/2024/12001.svg,Doosan Bears
108,천성호,24 2B,0.3,75,0.63,-0.33,255,254,234,41,69,8,3,1,86,17,7,0,18,1,0,43,5,1,1,0.295,0.346,0.368,0.714,0.116,84.6,0.3,https://statiz.sporki.com/data/team/ci/2024/12001.svg,Doosan Bears
109,전다민,24 LF,0.3,25,0.34,-0.04,34,34,27,10,9,2,0,0,11,1,1,1,7,0,0,8,0,0,0,0.333,0.471,0.407,0.878,0.202,156.9,0.3,https://statiz.sporki.com/data/team/ci/2024/6002.svg,NC Dinos
110,전병우,24 3B,0.3,58,-0.07,0.36,128,128,111,17,25,5,0,5,45,14,0,1,14,1,0,42,3,0,2,0.225,0.313,0.405,0.718,0.11,77.9,0.3,https://statiz.sporki.com/data/team/ci/2024/1001.svg,Hanwha Eagles
111,하주석,24 SS,0.25,64,0.7,-0.45,151,149,137,16,40,9,1,1,54,11,1,2,10,2,0,33,1,2,0,0.292,0.349,0.394,0.743,0.127,94.7,0.25,https://statiz.sporki.com/data/team/ci/2024/7002.svg,Samsung Lions
112,안중열,24 C,0.23,10,0.29,-0.06,25,25,21,5,6,1,0,2,13,4,0,0,3,0,0,7,0,0,1,0.286,0.36,0.619,0.979,0.187,138.4,0.23,https://statiz.sporki.com/data/team/ci/2024/11001.svg,KT Wiz
113,김건희,24 C,0.22,83,0.37,-0.16,283,283,261,27,67,15,0,9,109,38,0,0,18,0,0,82,7,0,4,0.257,0.3,0.418,0.718,0.103,79.2,0.22,https://statiz.sporki.com/data/team/ci/2024/10001.svg,Kiwoom Heroes
114,김민혁,24 DH,0.19,5,0.19,0,8,8,5,1,1,0,0,1,4,2,0,0,3,0,0,3,0,0,0,0.2,0.5,0.8,1.3,0.303,237.7,0.19,https://statiz.sporki.com/data/team/ci/2024/6002.svg,NC Dinos
115,이우성,24 1B,0.18,112,0.73,-0.55,449,449,399,56,115,16,1,9,160,54,7,1,44,3,0,89,17,0,3,0.288,0.361,0.401,0.762,0.134,99.8,0.18,https://statiz.sporki.com/data/team/ci/2024/2002.svg,KIA Tigers
116,최준우,24 2B,0.17,18,0.28,-0.11,34,34,25,2,6,2,0,0,8,5,0,0,9,0,0,8,0,0,0,0.24,0.441,0.32,0.761,0.171,126.9,0.17,https://statiz.sporki.com/data/team/ci/2024/9002.svg,SSG Landers
117,정준영,24 RF,0.17,43,-0.17,0.34,74,71,62,9,14,2,0,0,16,3,0,0,8,1,0,16,1,3,0,0.226,0.324,0.258,0.582,0.079,57.8,0.17,https://statiz.sporki.com/data/team/ci/2024/12001.svg,Doosan Bears
118,최원영,24 LF,0.17,57,0.17,0,41,41,37,18,10,2,0,1,15,5,6,4,1,3,0,7,0,0,0,0.27,0.341,0.405,0.746,0.134,102.6,0.17,https://statiz.sporki.com/data/team/ci/2024/5002.svg,Lotte Giants
119,오선진,24 3B,0.16,26,0.04,0.12,29,24,20,0,4,1,0,0,5,0,0,0,2,2,0,8,0,5,0,0.2,0.333,0.25,0.583,0.095,67.4,0.16,https://statiz.sporki.com/data/team/ci/2024/3001.svg,LG Twins
120,홍종표,24 2B,0.16,100,0.48,-0.32,115,112,105,27,31,4,3,0,41,11,5,2,6,1,0,31,0,3,0,0.295,0.339,0.39,0.729,0.12,89,0.16,https://statiz.sporki.com/data/team/ci/2024/2002.svg,KIA Tigers
121,김동혁,24 CF,0.16,39,0.15,0.01,17,17,15,8,3,0,1,0,5,1,3,1,2,0,0,5,0,0,0,0.2,0.294,0.333,0.627,0.086,60.6,0.16,https://statiz.sporki.com/data/team/ci/2024/3001.svg,LG Twins
122,김병준,24 CF,0.16,35,0.15,0.01,16,16,14,9,5,0,0,0,5,1,0,0,2,0,0,2,0,0,0,0.357,0.438,0.357,0.795,0.162,121.4,0.16,https://statiz.sporki.com/data/team/ci/2024/12001.svg,Doosan Bears
123,김준태,24 C,0.15,23,0.15,0,30,30,25,6,6,2,0,0,8,3,0,0,5,0,0,6,0,0,0,0.24,0.367,0.32,0.687,0.122,91.3,0.15,https://statiz.sporki.com/data/team/ci/2024/12001.svg,Doosan Bears
124,이정훈,24 DH,0.14,65,0.19,-0.06,116,114,100,10,30,8,0,0,38,18,0,0,13,0,1,21,4,1,2,0.3,0.374,0.38,0.754,0.133,94.9,0.14,https://statiz.sporki.com/data/team/ci/2024/3001.svg,LG Twins
125,이주헌,24 C,0.13,3,0.22,-0.09,6,6,6,0,4,2,0,0,6,3,0,0,0,0,0,2,0,0,0,0.667,0.667,1,1.667,0.487,367.5,0.13,https://statiz.sporki.com/data/team/ci/2024/5002.svg,Lotte Giants
126,최상민,24 RF,0.12,43,-0.01,0.13,13,13,12,9,2,2,0,0,4,1,2,1,0,1,0,5,0,0,0,0.167,0.231,0.333,0.564,0.058,42.6,0.12,https://statiz.sporki.com/data/team/ci/2024/9002.svg,SSG Landers
127,김주성,24 SS,0.12,12,0.07,0.05,9,9,6,1,1,0,0,0,1,0,0,0,3,0,0,0,0,0,0,0.167,0.444,0.167,0.611,0.145,110.3,0.12,https://statiz.sporki.com/data/team/ci/2024/5002.svg,Lotte Giants
128,신윤후,24 RF,0.12,39,-0.29,0.41,35,34,31,5,5,0,0,0,5,1,0,0,1,2,0,8,1,1,0,0.161,0.235,0.161,0.396,0.004,2.9,0.12,https://statiz.sporki.com/data/team/ci/2024/3001.svg,LG Twins
129,이호준,24 2B,0.11,12,0.1,0.01,7,7,6,5,2,1,1,0,5,3,0,0,1,0,0,1,0,0,0,0.333,0.429,0.833,1.262,0.307,214,0.11,https://statiz.sporki.com/data/team/ci/2024/3001.svg,LG Twins
130,이병헌,24 C,0.1,95,0.23,-0.13,166,164,145,9,36,4,0,1,43,9,0,0,17,2,0,48,0,2,0,0.248,0.335,0.297,0.632,0.094,66.8,0.1,https://statiz.sporki.com/data/team/ci/2024/1001.svg,Hanwha Eagles
131,김민성,24 3B,0.1,35,0.06,0.03,84,84,70,6,14,5,0,2,25,8,0,1,10,3,0,18,1,0,1,0.2,0.321,0.357,0.678,0.109,79.9,0.1,https://statiz.sporki.com/data/team/ci/2024/3001.svg,LG Twins
132,양찬열,24 RF,0.09,11,0.02,0.07,12,12,8,2,1,0,0,0,1,1,0,0,4,0,0,1,0,0,0,0.125,0.417,0.125,0.542,0.122,96.2,0.09,https://statiz.sporki.com/data/team/ci/2024/6002.svg,NC Dinos
133,박지환,24 2B,0.09,76,0.49,-0.4,249,246,228,33,63,9,2,4,88,21,8,3,12,3,0,61,3,3,3,0.276,0.317,0.386,0.703,0.106,75.2,0.09,https://statiz.sporki.com/data/team/ci/2024/9002.svg,SSG Landers
134,류지혁,24 2B,0.09,100,0.42,-0.34,348,343,302,43,78,9,1,3,98,36,11,4,33,6,0,70,7,5,2,0.258,0.341,0.325,0.666,0.106,76,0.09,https://statiz.sporki.com/data/team/ci/2024/1001.svg,Hanwha Eagles
135,유강남,24 C,0.08,52,-0.08,0.16,155,153,136,11,26,3,0,5,44,20,0,0,9,7,0,25,4,2,1,0.191,0.275,0.324,0.599,0.071,50.3,0.08,https://statiz.sporki.com/data/team/ci/2024/3001.svg,LG Twins
136,오영수,24 1B,0.08,20,-0.04,0.12,34,34,30,4,6,0,0,3,15,5,0,0,2,1,0,6,0,0,1,0.2,0.265,0.5,0.765,0.108,80.8,0.08,https://statiz.sporki.com/data/team/ci/2024/11001.svg,KT Wiz
137,손아섭,24 DH,0.08,84,-0.23,0.31,355,353,333,45,95,16,0,7,132,50,6,2,16,0,0,65,1,2,4,0.285,0.314,0.396,0.71,0.103,78.3,0.08,https://statiz.sporki.com/data/team/ci/2024/11001.svg,KT Wiz
138,손성빈,24 C,0.08,86,0.19,-0.11,171,170,152,24,30,6,2,6,58,21,0,0,13,3,0,38,3,1,2,0.197,0.271,0.382,0.653,0.082,58.7,0.08,https://statiz.sporki.com/data/team/ci/2024/3001.svg,LG Twins
139,김민수,24 C,0.07,9,0.09,-0.02,8,8,8,1,2,0,0,1,5,3,0,0,0,0,0,1,0,0,0,0.25,0.25,0.625,0.875,0.136,99.8,0.07,https://statiz.sporki.com/data/team/ci/2024/1001.svg,Hanwha Eagles
140,홍성호,24 1B,0.07,15,0.03,0.03,15,15,14,0,4,2,0,0,6,1,1,0,1,0,0,7,0,0,0,0.286,0.333,0.429,0.762,0.129,100.8,0.07,https://statiz.sporki.com/data/team/ci/2024/6002.svg,NC Dinos
141,김현종,24 CF,0.06,17,-0.03,0.09,16,16,15,8,3,1,0,0,4,2,0,0,0,1,0,4,0,0,0,0.2,0.25,0.267,0.517,0.042,31.9,0.06,https://statiz.sporki.com/data/team/ci/2024/5002.svg,Lotte Giants
142,도태훈,24 1B,0.06,100,-0.24,0.3,181,177,145,20,31,4,0,0,35,15,1,0,24,6,0,29,5,4,2,0.214,0.345,0.241,0.586,0.092,69.3,0.06,https://statiz.sporki.com/data/team/ci/2024/11001.svg,KT Wiz
143,정은원,24 LF,0.06,27,-0.04,0.09,78,77,64,10,11,3,1,1,19,6,2,0,13,0,0,16,0,1,0,0.172,0.312,0.297,0.609,0.088,64.6,0.06,https://statiz.sporki.com/data/team/ci/2024/7002.svg,Samsung Lions
144,박수종,24 CF,0.05,80,-0.05,0.11,148,144,129,23,33,5,1,0,40,6,3,0,13,2,0,17,4,4,0,0.256,0.333,0.31,0.643,0.097,73.8,0.05,https://statiz.sporki.com/data/team/ci/2024/10001.svg,Kiwoom Heroes
145,양도근,24 2B,0.04,16,0.01,0.03,29,28,23,5,4,0,1,0,6,2,0,0,5,0,0,8,0,1,0,0.174,0.321,0.261,0.582,0.085,58.1,0.04,https://statiz.sporki.com/data/team/ci/2024/1001.svg,Hanwha Eagles
146,서예일,24 3B,0.03,24,-0.09,0.12,20,20,18,2,4,0,0,0,4,1,0,0,2,0,0,5,0,0,0,0.222,0.3,0.222,0.522,0.05,38.9,0.03,https://statiz.sporki.com/data/team/ci/2024/6002.svg,NC Dinos
147,김강민,24 CF,0.02,41,-0.17,0.19,87,87,76,5,17,0,0,1,20,7,0,0,8,3,0,21,1,0,0,0.224,0.322,0.263,0.585,0.08,58.8,0.02,https://statiz.sporki.com/data/team/ci/2024/7002.svg,Samsung Lions
148,유로결,24 RF,0.01,23,-0.23,0.24,39,39,36,6,8,1,0,0,9,4,0,1,3,0,0,11,4,0,0,0.222,0.282,0.25,0.532,0.047,34.4,0.01,https://statiz.sporki.com/data/team/ci/2024/7002.svg,Samsung Lions
149,박민,24 SS,-0.01,16,0,-0.01,30,30,29,5,8,4,0,0,12,2,0,1,1,0,0,7,0,0,0,0.276,0.3,0.414,0.714,0.105,77.5,-0.01,https://statiz.sporki.com/data/team/ci/2024/2002.svg,KIA Tigers
150,안익훈,24 LF,-0.02,37,-0.42,0.4,56,54,49,8,9,1,0,0,10,3,2,0,4,0,0,13,2,2,1,0.184,0.241,0.204,0.445,0.01,7.8,-0.02,https://statiz.sporki.com/data/team/ci/2024/5002.svg,Lotte Giants
151,고종욱,24 LF,-0.02,28,0.06,-0.09,36,36,32,3,8,2,0,1,13,4,0,0,4,0,0,6,2,0,0,0.25,0.333,0.406,0.739,0.122,92,-0.02,https://statiz.sporki.com/data/team/ci/2024/2002.svg,KIA Tigers
152,박성빈,24 C,-0.02,12,0.05,-0.07,11,11,9,1,2,1,0,0,3,2,0,0,1,1,0,2,0,0,0,0.222,0.364,0.333,0.697,0.137,110.5,-0.02,https://statiz.sporki.com/data/team/ci/2024/10001.svg,Kiwoom Heroes
153,김성윤,24 CF,-0.03,32,-0.07,0.04,89,86,74,15,18,4,0,0,22,6,3,1,9,1,0,16,1,3,2,0.243,0.326,0.297,0.623,0.088,65,-0.03,https://statiz.sporki.com/data/team/ci/2024/1001.svg,Hanwha Eagles
154,최주환,24 1B,-0.03,130,-0.32,0.3,544,544,482,49,124,23,1,13,188,84,0,1,47,6,2,92,12,0,9,0.257,0.325,0.39,0.715,0.111,86.1,-0.03,https://statiz.sporki.com/data/team/ci/2024/10001.svg,Kiwoom Heroes
155,여동건,24 2B,-0.03,9,-0.02,-0.01,11,11,10,2,4,0,0,0,4,0,3,0,1,0,0,2,0,0,0,0.4,0.455,0.4,0.855,0.181,140.6,-0.03,https://statiz.sporki.com/data/team/ci/2024/6002.svg,NC Dinos
156,김재상,24 2B,-0.03,35,-0.08,0.05,91,90,84,13,20,4,0,2,30,12,4,0,5,0,0,23,0,1,1,0.238,0.278,0.357,0.635,0.073,51.1,-0.03,https://statiz.sporki.com/data/team/ci/2024/1001.svg,Hanwha Eagles
157,장준원,24 SS,-0.04,17,-0.13,0.09,18,18,14,1,1,0,0,0,1,0,0,0,4,0,0,5,0,0,0,0.071,0.278,0.071,0.349,0.018,13.5,-0.04,https://statiz.sporki.com/data/team/ci/2024/12001.svg,Doosan Bears
158,김태진,24 SS,-0.04,81,-0.77,0.73,202,197,189,26,42,6,3,0,54,10,0,0,7,0,1,27,1,5,1,0.222,0.249,0.286,0.535,0.035,27.5,-0.04,https://statiz.sporki.com/data/team/ci/2024/10001.svg,Kiwoom Heroes
159,김태훈,24 RF,-0.05,12,-0.14,0.09,21,21,20,2,4,1,0,0,5,1,0,0,0,1,0,3,1,0,0,0.2,0.238,0.25,0.488,0.027,18.5,-0.05,https://statiz.sporki.com/data/team/ci/2024/1001.svg,Hanwha Eagles
160,황대인,24 1B,-0.05,3,-0.01,-0.04,7,7,7,1,2,1,0,0,3,3,0,0,0,0,0,1,0,0,0,0.286,0.286,0.429,0.715,0.1,74.4,-0.05,https://statiz.sporki.com/data/team/ci/2024/2002.svg,KIA Tigers
161,김창평,24 DH,-0.06,6,-0.1,0.04,9,9,7,1,0,0,0,0,0,0,1,0,2,0,0,4,0,0,0,0,0.222,0,0.222,-0.029,-22.1,-0.06,https://statiz.sporki.com/data/team/ci/2024/9002.svg,SSG Landers
162,카디네스,24 RF,-0.06,7,0.11,-0.18,25,25,24,2,8,2,0,2,16,5,0,1,1,0,0,6,1,0,0,0.333,0.36,0.667,1.027,0.21,145.5,-0.06,https://statiz.sporki.com/data/team/ci/2024/1001.svg,Hanwha Eagles
163,김한별,24 SS,-0.07,40,0.24,-0.31,50,50,44,8,14,1,0,0,15,3,0,0,2,4,0,9,2,0,0,0.318,0.4,0.341,0.741,0.148,109.8,-0.07,https://statiz.sporki.com/data/team/ci/2024/11001.svg,KT Wiz
164,오선우,24 RF,-0.07,3,-0.03,-0.04,7,7,7,0,2,0,0,0,2,1,0,0,0,0,0,3,0,0,0,0.286,0.286,0.286,0.572,0.049,36.1,-0.07,https://statiz.sporki.com/data/team/ci/2024/2002.svg,KIA Tigers
165,김성진,24 1B,-0.07,14,0.01,-0.07,16,16,15,1,4,0,0,1,7,2,0,0,1,0,0,4,1,0,0,0.267,0.313,0.467,0.78,0.123,94.7,-0.07,https://statiz.sporki.com/data/team/ci/2024/5002.svg,Lotte Giants
166,한승택,24 C,-0.07,20,0.11,-0.17,15,15,11,2,3,0,0,0,3,2,0,0,4,0,0,1,0,0,0,0.273,0.467,0.273,0.74,0.171,128.3,-0.07,https://statiz.sporki.com/data/team/ci/2024/2002.svg,KIA Tigers
167,신범수,24 DH,-0.07,11,-0.07,0,29,29,27,4,6,3,0,0,9,2,0,0,1,1,0,5,0,0,0,0.222,0.276,0.333,0.609,0.074,51.8,-0.07,https://statiz.sporki.com/data/team/ci/2024/9002.svg,SSG Landers
168,안현민,24 LF,-0.07,16,0.01,-0.08,29,29,25,5,5,0,1,1,10,2,0,0,2,1,0,10,0,0,1,0.2,0.276,0.4,0.676,0.091,67.3,-0.07,https://statiz.sporki.com/data/team/ci/2024/12001.svg,Doosan Bears
169,김시앙,24 C,-0.07,6,-0.09,0.02,7,7,7,1,1,0,0,0,1,0,0,0,0,0,0,1,0,0,0,0.143,0.143,0.143,0.286,-0.07,-52.9,-0.07,https://statiz.sporki.com/data/team/ci/2024/10001.svg,Kiwoom Heroes
170,김재현,24 C,-0.07,110,-0.18,0.1,326,316,288,27,70,11,0,0,81,26,1,1,14,10,0,63,8,10,4,0.243,0.297,0.281,0.578,0.067,52.1,-0.07,https://statiz.sporki.com/data/team/ci/2024/10001.svg,Kiwoom Heroes
171,한재환,24 DH,-0.08,7,-0.05,-0.03,9,9,9,1,2,1,0,0,3,1,0,0,0,0,0,3,0,0,0,0.222,0.222,0.333,0.555,0.036,26.9,-0.08,https://statiz.sporki.com/data/team/ci/2024/11001.svg,KT Wiz
172,조형우,24 C,-0.08,19,0.08,-0.16,38,38,33,4,8,0,0,0,8,4,0,0,1,4,0,6,0,0,0,0.242,0.342,0.242,0.584,0.094,66.6,-0.08,https://statiz.sporki.com/data/team/ci/2024/9002.svg,SSG Landers
173,최승민,24 LF,-0.09,57,-0.29,0.2,16,15,13,20,1,0,0,0,1,1,11,7,2,0,0,3,0,1,0,0.077,0.2,0.077,0.277,-0.037,-28.6,-0.09,https://statiz.sporki.com/data/team/ci/2024/5002.svg,Lotte Giants
174,권동진,24 2B,-0.09,9,-0.03,-0.07,10,10,9,3,2,0,0,0,2,0,0,0,1,0,0,2,0,0,0,0.222,0.3,0.222,0.522,0.05,37.9,-0.09,https://statiz.sporki.com/data/team/ci/2024/12001.svg,Doosan Bears
175,박영빈,24 LF,-0.09,19,0.13,-0.23,7,7,6,3,3,2,0,0,5,1,2,1,1,0,0,3,0,0,0,0.5,0.571,0.833,1.404,0.374,278.2,-0.09,https://statiz.sporki.com/data/team/ci/2024/11001.svg,KT Wiz
176,김동헌,24 C,-0.1,2,0.04,-0.14,7,7,5,0,1,0,0,0,1,1,0,0,1,1,0,0,0,0,0,0.2,0.429,0.2,0.629,0.153,115.9,-0.1,https://statiz.sporki.com/data/team/ci/2024/10001.svg,Kiwoom Heroes
177,장승현,24 C,-0.1,9,-0.07,-0.04,23,22,20,1,4,2,0,0,6,0,0,1,2,0,0,5,0,1,0,0.2,0.273,0.3,0.573,0.061,43.3,-0.1,https://statiz.sporki.com/data/team/ci/2024/6002.svg,NC Dinos
178,김주형,24 SS,-0.12,22,-0.19,0.07,25,24,20,0,3,0,0,0,3,2,0,1,1,3,0,9,0,1,0,0.15,0.292,0.15,0.442,0.05,37.3,-0.12,https://statiz.sporki.com/data/team/ci/2024/10001.svg,Kiwoom Heroes
179,장두성,24 CF,-0.12,71,-0.14,0.01,37,37,32,23,5,0,0,0,5,1,14,3,3,2,0,9,2,0,0,0.156,0.27,0.156,0.426,0.028,19.8,-0.12,https://statiz.sporki.com/data/team/ci/2024/3001.svg,LG Twins
180,송찬의,24 DH,-0.13,10,-0.12,-0.01,21,20,15,2,1,0,0,0,1,1,1,0,3,1,0,6,0,1,1,0.067,0.25,0.067,0.317,0.003,2.3,-0.13,https://statiz.sporki.com/data/team/ci/2024/5002.svg,Lotte Giants
181,주성원,24 RF,-0.13,27,-0.23,0.09,62,61,55,7,11,1,0,1,15,5,0,0,6,0,0,18,2,1,0,0.2,0.279,0.273,0.552,0.054,42.4,-0.13,https://statiz.sporki.com/data/team/ci/2024/10001.svg,Kiwoom Heroes
182,장규현,24 C,-0.14,9,-0.1,-0.04,7,7,6,0,0,0,0,0,0,0,0,0,1,0,0,1,0,0,0,0,0.143,0,0.143,-0.086,-63.4,-0.14,https://statiz.sporki.com/data/team/ci/2024/7002.svg,Samsung Lions
183,이학주,24 SS,-0.15,43,0.25,-0.4,105,103,95,13,25,2,2,2,37,4,0,1,6,2,0,44,0,2,0,0.263,0.32,0.389,0.709,0.111,79.9,-0.15,https://statiz.sporki.com/data/team/ci/2024/3001.svg,LG Twins
184,김두현,24 SS,-0.15,3,0.1,-0.26,6,6,5,2,2,0,0,0,2,0,0,0,0,1,0,0,0,0,0,0.4,0.5,0.4,0.9,0.229,164.9,-0.15,https://statiz.sporki.com/data/team/ci/2024/2002.svg,KIA Tigers
185,이진영,24 CF,-0.15,42,-0.3,0.15,103,103,93,20,19,6,0,1,28,13,0,1,8,2,0,27,3,0,0,0.204,0.282,0.301,0.583,0.067,50.9,-0.15,https://statiz.sporki.com/data/team/ci/2024/7002.svg,Samsung Lions
186,김수윤,24 1B,-0.16,9,-0.07,-0.08,10,10,9,0,2,0,0,0,2,0,0,0,1,0,0,4,0,0,0,0.222,0.3,0.222,0.522,0.05,37.3,-0.16,https://statiz.sporki.com/data/team/ci/2024/11001.svg,KT Wiz
187,강진성,24 DH,-0.16,16,-0.26,0.1,31,30,27,4,5,0,0,0,5,2,0,0,3,0,0,5,0,1,0,0.185,0.267,0.185,0.452,0.022,16.4,-0.16,https://statiz.sporki.com/data/team/ci/2024/9002.svg,SSG Landers
188,공민규,24 3B,-0.16,12,-0.08,-0.08,17,17,14,1,1,0,0,1,4,2,0,0,1,2,0,9,1,0,0,0.071,0.235,0.286,0.521,0.056,39.5,-0.16,https://statiz.sporki.com/data/team/ci/2024/1001.svg,Hanwha Eagles
189,임병욱,24 CF,-0.16,42,-0.13,-0.03,92,92,87,14,21,3,0,3,33,10,1,0,4,0,0,32,1,0,1,0.241,0.272,0.379,0.651,0.075,57.9,-0.16,https://statiz.sporki.com/data/team/ci/2024/10001.svg,Kiwoom Heroes
190,양우현,24 2B,-0.17,7,-0.32,0.15,15,14,13,0,0,0,0,0,0,1,0,0,1,0,0,6,1,1,0,0,0.071,0,0.071,-0.138,-92.5,-0.17,https://statiz.sporki.com/data/team/ci/2024/1001.svg,Hanwha Eagles
191,홍현빈,24 RF,-0.18,28,0.04,-0.22,22,21,18,5,4,0,1,0,6,2,0,0,3,0,0,7,0,1,0,0.222,0.333,0.333,0.666,0.108,78,-0.18,https://statiz.sporki.com/data/team/ci/2024/12001.svg,Doosan Bears
192,송민섭,24 RF,-0.18,36,0.08,-0.26,20,19,14,8,3,0,0,0,3,1,0,1,3,2,0,6,0,1,0,0.214,0.421,0.214,0.635,0.145,105.2,-0.18,https://statiz.sporki.com/data/team/ci/2024/12001.svg,Doosan Bears
193,이영빈,24 1B,-0.18,31,-0.13,-0.05,71,69,63,11,14,2,0,2,22,12,0,1,4,0,0,20,0,2,2,0.222,0.261,0.349,0.61,0.059,45.5,-0.18,https://statiz.sporki.com/data/team/ci/2024/5002.svg,Lotte Giants
194,김병휘,24 SS,-0.19,28,0.03,-0.21,71,70,59,6,10,3,0,1,16,3,0,0,6,5,0,26,0,1,0,0.169,0.3,0.271,0.571,0.081,61.7,-0.19,https://statiz.sporki.com/data/team/ci/2024/10001.svg,Kiwoom Heroes
195,함창건,24 LF,-0.19,15,-0.2,0.01,17,16,14,3,2,0,0,0,2,0,0,0,2,0,0,3,1,1,0,0.143,0.25,0.143,0.393,0.006,4.4,-0.19,https://statiz.sporki.com/data/team/ci/2024/5002.svg,Lotte Giants
196,김규성,24 3B,-0.19,27,0.05,-0.25,15,14,12,5,3,1,0,0,4,2,1,0,2,0,0,4,0,1,0,0.25,0.357,0.333,0.69,0.119,88.3,-0.19,https://statiz.sporki.com/data/team/ci/2024/2002.svg,KIA Tigers
197,변상권,24 LF,-0.2,77,-0.58,0.38,232,232,219,16,55,3,1,5,75,21,0,0,11,1,0,51,4,0,1,0.251,0.289,0.342,0.631,0.075,57.6,-0.2,https://statiz.sporki.com/data/team/ci/2024/10001.svg,Kiwoom Heroes
198,최정용,24 2B,-0.2,6,-0.1,-0.1,12,12,11,0,2,0,0,0,2,1,0,0,1,0,0,4,1,0,0,0.182,0.25,0.182,0.432,0.01,7.5,-0.2,https://statiz.sporki.com/data/team/ci/2024/2002.svg,KIA Tigers
199,최경모,24 2B,-0.21,50,-0.17,-0.04,50,43,35,12,6,0,0,0,6,0,6,3,8,0,0,7,2,7,0,0.171,0.326,0.171,0.497,0.062,45.2,-0.21,https://statiz.sporki.com/data/team/ci/2024/9002.svg,SSG Landers
200,이상혁,24 CF,-0.21,43,-0.09,-0.12,15,15,13,13,2,0,0,0,2,0,5,2,2,0,0,5,0,0,0,0.154,0.267,0.154,0.421,0.019,13.9,-0.21,https://statiz.sporki.com/data/team/ci/2024/7002.svg,Samsung Lions
201,이원석,24 CF,-0.21,87,-0.24,0.03,154,152,133,26,31,4,1,0,37,13,8,2,16,2,0,32,3,2,1,0.233,0.322,0.278,0.6,0.082,61.5,-0.21,https://statiz.sporki.com/data/team/ci/2024/7002.svg,Samsung Lions
202,이명기,24 DH,-0.21,4,-0.21,0,8,7,7,0,0,0,0,0,0,1,0,0,0,0,0,3,0,1,0,0,0,0,0,-0.19,-132.5,-0.21,https://statiz.sporki.com/data/team/ci/2024/7002.svg,Samsung Lions
203,안치영,24 CF,-0.22,31,-0.26,0.05,48,46,44,12,11,0,0,0,11,3,0,1,2,0,0,12,0,2,0,0.25,0.283,0.25,0.533,0.042,30.8,-0.22,https://statiz.sporki.com/data/team/ci/2024/12001.svg,Doosan Bears
204,원성준,24 DH,-0.22,51,-0.16,-0.07,125,124,112,12,28,5,0,2,39,11,2,0,10,0,0,36,2,1,2,0.25,0.306,0.348,0.654,0.087,67.3,-0.22,https://statiz.sporki.com/data/team/ci/2024/10001.svg,Kiwoom Heroes
205,김호령,24 CF,-0.23,64,-0.44,0.21,67,67,59,12,8,2,0,1,13,4,3,2,8,0,0,25,1,0,0,0.136,0.239,0.22,0.459,0.021,16,-0.23,https://statiz.sporki.com/data/team/ci/2024/2002.svg,KIA Tigers
206,윤준혁,24 3B,-0.23,13,-0.15,-0.08,18,18,17,3,3,2,0,0,5,0,0,0,1,0,0,6,0,0,0,0.176,0.222,0.294,0.516,0.03,21.9,-0.23,https://statiz.sporki.com/data/team/ci/2024/12001.svg,Doosan Bears
207,한유섬,24 RF,-0.23,132,0.43,-0.67,523,519,464,64,109,29,0,24,210,87,0,1,46,9,3,142,2,1,3,0.235,0.314,0.453,0.767,0.125,89.3,-0.23,https://statiz.sporki.com/data/team/ci/2024/9002.svg,SSG Landers
208,임종찬,24 CF,-0.24,24,-0.2,-0.03,64,64,57,10,9,3,2,0,16,7,0,1,6,1,0,19,2,0,0,0.158,0.25,0.281,0.531,0.048,35.5,-0.24,https://statiz.sporki.com/data/team/ci/2024/7002.svg,Samsung Lions
209,이창용,24 1B,-0.24,9,-0.23,-0.01,21,21,21,1,4,1,0,0,5,2,0,0,0,0,0,4,0,0,0,0.19,0.19,0.238,0.428,-0.013,-9.2,-0.24,https://statiz.sporki.com/data/team/ci/2024/1001.svg,Hanwha Eagles
210,김재성,24 C,-0.24,10,-0.08,-0.16,23,23,20,3,4,1,0,0,5,1,0,0,3,0,0,5,1,0,0,0.2,0.304,0.25,0.554,0.066,47.7,-0.24,https://statiz.sporki.com/data/team/ci/2024/1001.svg,Hanwha Eagles
211,정현승,24 RF,-0.25,23,-0.17,-0.08,31,31,29,1,7,0,0,1,10,4,1,0,2,0,0,6,0,0,0,0.241,0.29,0.345,0.635,0.076,53.9,-0.25,https://statiz.sporki.com/data/team/ci/2024/9002.svg,SSG Landers
212,김찬형,24 2B,-0.26,5,-0.23,-0.03,9,9,9,0,0,0,0,0,0,0,0,0,0,0,0,4,0,0,0,0,0,0,0,-0.19,-139.6,-0.26,https://statiz.sporki.com/data/team/ci/2024/9002.svg,SSG Landers
213,강태율,24 C,-0.26,10,-0.24,-0.02,10,10,10,0,0,0,0,0,0,0,0,0,0,0,0,4,0,0,0,0,0,0,0,-0.19,-132.2,-0.26,https://statiz.sporki.com/data/team/ci/2024/3001.svg,LG Twins
214,김민식,24 C,-0.26,45,-0.05,-0.21,126,122,106,10,22,5,0,1,30,10,0,0,16,0,0,33,2,4,0,0.208,0.311,0.283,0.594,0.079,56.5,-0.26,https://statiz.sporki.com/data/team/ci/2024/9002.svg,SSG Landers
215,노진혁,24 SS,-0.26,73,-0.18,-0.08,157,154,137,13,30,6,0,2,42,13,0,0,15,1,1,39,1,2,2,0.219,0.297,0.307,0.604,0.072,51,-0.26,https://statiz.sporki.com/data/team/ci/2024/3001.svg,LG Twins
216,박주홍,24 LF,-0.27,25,-0.44,0.17,59,59,49,5,5,2,0,0,7,1,2,0,10,0,0,17,1,0,0,0.102,0.254,0.143,0.397,0.016,12.6,-0.27,https://statiz.sporki.com/data/team/ci/2024/10001.svg,Kiwoom Heroes
217,박한결,24 LF,-0.28,28,-0.07,-0.21,71,71,65,8,12,1,0,7,34,14,0,0,6,0,0,29,1,0,0,0.185,0.254,0.523,0.777,0.11,84.6,-0.28,https://statiz.sporki.com/data/team/ci/2024/11001.svg,KT Wiz
218,김동엽,24 DH,-0.29,8,-0.29,0,21,20,18,1,2,1,0,0,3,2,0,0,1,1,1,5,0,0,1,0.111,0.19,0.167,0.357,-0.031,-21.5,-0.29,https://statiz.sporki.com/data/team/ci/2024/1001.svg,Hanwha Eagles
219,이재원,24 C,-0.29,72,-0.24,-0.05,152,150,134,10,32,4,0,1,39,16,0,0,7,4,1,21,4,2,5,0.239,0.287,0.291,0.578,0.059,44,-0.29,https://statiz.sporki.com/data/team/ci/2024/7002.svg,Samsung Lions
220,황재균,24 3B,-0.3,137,0.02,-0.32,536,531,493,60,128,22,0,13,189,58,4,6,34,2,0,95,16,5,2,0.26,0.309,0.383,0.692,0.099,72.2,-0.3,https://statiz.sporki.com/data/team/ci/2024/12001.svg,Doosan Bears
221,김동진,24 2B,-0.31,30,-0.47,0.17,42,40,37,5,4,0,0,1,7,2,0,0,3,0,0,10,1,2,0,0.108,0.175,0.189,0.364,-0.028,-20.5,-0.31,https://statiz.sporki.com/data/team/ci/2024/1001.svg,Hanwha Eagles
222,최항,24 2B,-0.31,72,-0.41,0.1,143,143,132,17,33,3,1,0,38,12,0,1,10,1,0,32,3,0,0,0.25,0.308,0.288,0.596,0.073,51.3,-0.31,https://statiz.sporki.com/data/team/ci/2024/3001.svg,LG Twins
223,박민석,24 2B,-0.31,20,-0.14,-0.18,14,14,14,6,3,0,0,0,3,0,0,1,0,0,0,7,0,0,0,0.214,0.214,0.214,0.428,-0.01,-7.4,-0.31,https://statiz.sporki.com/data/team/ci/2024/12001.svg,Doosan Bears
224,전민재,24 SS,-0.32,100,-0.39,0.07,276,272,248,34,61,5,1,2,74,32,7,3,17,4,1,53,8,4,3,0.246,0.301,0.298,0.599,0.071,54.5,-0.32,https://statiz.sporki.com/data/team/ci/2024/6002.svg,NC Dinos
225,장재영,24 RF,-0.33,38,-0.25,-0.07,139,139,119,14,20,3,0,4,35,13,0,0,17,3,0,64,2,0,0,0.168,0.288,0.294,0.582,0.072,55.7,-0.33,https://statiz.sporki.com/data/team/ci/2024/10001.svg,Kiwoom Heroes
226,김민수,24 3B,-0.33,19,-0.22,-0.11,22,22,20,1,3,0,0,0,3,0,0,0,1,1,0,4,1,0,0,0.15,0.227,0.15,0.377,-0.004,-3.4,-0.33,https://statiz.sporki.com/data/team/ci/2024/5002.svg,Lotte Giants
227,김범석,24 DH,-0.33,70,-0.25,-0.08,180,179,162,14,39,4,0,6,61,24,0,0,14,2,2,49,4,0,2,0.241,0.306,0.377,0.683,0.095,71.7,-0.33,https://statiz.sporki.com/data/team/ci/2024/5002.svg,Lotte Giants
228,박계범,24 2B,-0.33,24,0.11,-0.44,20,20,15,5,3,1,0,0,4,0,1,0,5,0,0,7,2,0,0,0.2,0.4,0.267,0.667,0.135,102.1,-0.33,https://statiz.sporki.com/data/team/ci/2024/6002.svg,NC Dinos
229,김건형,24 RF,-0.38,13,-0.35,-0.03,25,25,24,2,3,1,0,0,4,1,0,0,1,0,0,8,0,0,0,0.125,0.16,0.167,0.327,-0.046,-34.1,-0.38,https://statiz.sporki.com/data/team/ci/2024/12001.svg,Doosan Bears
230,김인태,24 LF,-0.39,10,-0.24,-0.15,26,26,23,3,4,0,0,1,7,2,0,0,2,0,0,7,1,0,1,0.174,0.231,0.304,0.535,0.031,22,-0.39,https://statiz.sporki.com/data/team/ci/2024/6002.svg,NC Dinos
231,김호진,24 3B,-0.4,26,-0.47,0.07,32,32,29,4,2,0,0,0,2,3,0,0,1,1,0,11,1,0,1,0.069,0.125,0.069,0.194,-0.088,-60.7,-0.4,https://statiz.sporki.com/data/team/ci/2024/1001.svg,Hanwha Eagles
232,김웅빈,24 DH,-0.4,12,-0.4,0,38,37,32,2,4,0,0,0,4,2,0,0,4,1,0,15,1,1,0,0.125,0.243,0.125,0.368,0.002,1.5,-0.4,https://statiz.sporki.com/data/team/ci/2024/10001.svg,Kiwoom Heroes
233,김민석,24 LF,-0.41,41,-0.42,0.01,83,82,76,14,16,3,1,0,21,6,3,1,2,4,0,20,4,1,0,0.211,0.268,0.276,0.544,0.054,38.9,-0.41,https://statiz.sporki.com/data/team/ci/2024/3001.svg,LG Twins
234,고영우,24 3B,-0.42,94,0.01,-0.43,290,286,254,21,65,12,2,0,81,35,0,0,28,1,0,71,5,4,3,0.256,0.329,0.319,0.648,0.094,73.5,-0.42,https://statiz.sporki.com/data/team/ci/2024/10001.svg,Kiwoom Heroes
235,이주찬,24 3B,-0.43,17,-0.11,-0.32,25,25,24,7,4,1,0,1,8,2,0,0,1,0,0,9,1,0,0,0.167,0.2,0.333,0.533,0.025,17,-0.43,https://statiz.sporki.com/data/team/ci/2024/3001.svg,LG Twins
236,서동욱,24 C,-0.45,33,-0.35,-0.1,27,27,26,2,3,1,0,0,4,0,0,0,0,1,0,8,1,0,0,0.115,0.148,0.154,0.302,-0.052,-37.8,-0.45,https://statiz.sporki.com/data/team/ci/2024/3001.svg,LG Twins
237,박시원,24 CF,-0.46,55,-0.26,-0.2,158,156,141,17,33,5,1,2,46,17,3,0,14,0,0,46,2,2,1,0.234,0.301,0.326,0.627,0.08,60.9,-0.46,https://statiz.sporki.com/data/team/ci/2024/11001.svg,KT Wiz
238,강한울,24 3B,-0.47,18,-0.47,0.01,25,22,21,1,2,0,0,0,2,1,0,0,0,0,0,6,1,3,1,0.095,0.091,0.095,0.186,-0.114,-81.5,-0.47,https://statiz.sporki.com/data/team/ci/2024/1001.svg,Hanwha Eagles
239,김성욱,24 CF,-0.49,129,-0.1,-0.38,412,409,358,55,73,8,2,17,136,60,10,4,31,15,0,79,7,3,5,0.204,0.291,0.38,0.671,0.095,71.4,-0.49,https://statiz.sporki.com/data/team/ci/2024/11001.svg,KT Wiz
240,김재혁,24 1B,-0.49,35,-0.53,0.04,54,54,49,6,9,2,1,0,13,6,2,2,3,0,0,19,2,0,2,0.184,0.222,0.265,0.487,0.017,11.6,-0.49,https://statiz.sporki.com/data/team/ci/2024/1001.svg,Hanwha Eagles
241,김성현,24 2B,-0.49,71,0.03,-0.53,167,162,141,21,32,3,1,1,40,15,2,0,16,4,0,28,7,5,1,0.227,0.321,0.284,0.605,0.085,60.3,-0.49,https://statiz.sporki.com/data/team/ci/2024/9002.svg,SSG Landers
242,예진원,24 CF,-0.5,22,-0.1,-0.39,21,21,19,2,4,1,0,0,5,0,0,0,2,0,0,8,1,0,0,0.211,0.286,0.263,0.549,0.056,42.8,-0.5,https://statiz.sporki.com/data/team/ci/2024/10001.svg,Kiwoom Heroes
243,한석현,24 RF,-0.52,40,-0.22,-0.3,76,76,73,10,18,4,1,0,24,3,2,1,2,1,0,22,2,0,0,0.247,0.276,0.329,0.605,0.067,50.3,-0.52,https://statiz.sporki.com/data/team/ci/2024/11001.svg,KT Wiz
244,조용호,24 RF,-0.52,60,-0.53,0.01,165,162,149,17,37,5,0,0,42,13,5,1,13,0,0,25,5,3,0,0.248,0.309,0.282,0.591,0.071,51.9,-0.52,https://statiz.sporki.com/data/team/ci/2024/12001.svg,Doosan Bears
245,이원석,24 DH,-0.53,39,-0.33,-0.2,109,109,91,5,20,4,0,0,24,8,0,0,14,2,0,18,2,0,2,0.22,0.33,0.264,0.594,0.085,66.4,-0.53,https://statiz.sporki.com/data/team/ci/2024/10001.svg,Kiwoom Heroes
246,한동희,24 DH,-0.55,14,-0.31,-0.25,36,36,35,1,9,2,0,0,11,3,0,0,1,0,1,9,1,0,0,0.257,0.278,0.314,0.592,0.052,37.4,-0.55,https://statiz.sporki.com/data/team/ci/2024/3001.svg,LG Twins
247,김현준,24 RF,-0.58,79,-0.83,0.25,205,201,183,23,41,10,1,0,53,11,2,0,11,4,0,49,4,4,3,0.224,0.279,0.29,0.569,0.059,41.4,-0.58,https://statiz.sporki.com/data/team/ci/2024/1001.svg,Hanwha Eagles
248,이호연,24 3B,-0.61,27,-0.55,-0.06,43,42,41,3,6,1,0,0,7,0,0,0,1,0,0,12,2,1,0,0.146,0.167,0.171,0.338,-0.044,-32.6,-0.61,https://statiz.sporki.com/data/team/ci/2024/12001.svg,Doosan Bears
249,정보근,24 C,-0.63,89,-0.61,-0.02,140,136,133,9,30,0,1,2,38,7,0,0,3,0,0,31,5,4,0,0.226,0.243,0.286,0.529,0.03,21.4,-0.63,https://statiz.sporki.com/data/team/ci/2024/3001.svg,LG Twins
250,허도환,24 C,-0.64,59,-0.22,-0.42,105,100,80,10,11,2,0,0,13,11,0,1,9,10,0,26,4,5,1,0.138,0.3,0.163,0.463,0.059,44.6,-0.64,https://statiz.sporki.com/data/team/ci/2024/5002.svg,Lotte Giants
251,오재일,24 1B,-0.68,105,-0.2,-0.48,343,343,296,33,72,18,1,11,125,45,0,0,36,2,0,88,7,0,9,0.243,0.321,0.422,0.743,0.118,84.9,-0.68,https://statiz.sporki.com/data/team/ci/2024/12001.svg,Doosan Bears
252,김대한,24 RF,-0.69,61,-0.7,0.01,89,87,75,10,10,1,0,1,14,7,1,1,8,2,0,26,1,2,2,0.133,0.23,0.187,0.417,0.007,5.6,-0.69,https://statiz.sporki.com/data/team/ci/2024/6002.svg,NC Dinos
253,김태근,24 LF,-0.7,43,-0.5,-0.2,27,26,23,7,2,0,0,0,2,1,0,1,0,3,0,10,0,1,0,0.087,0.192,0.087,0.279,-0.028,-21.7,-0.7,https://statiz.sporki.com/data/team/ci/2024/6002.svg,NC Dinos
254,이승원,24 SS,-0.74,20,-0.53,-0.2,41,39,37,3,4,1,0,0,5,1,0,0,2,0,0,13,2,2,0,0.108,0.154,0.135,0.289,-0.058,-43.9,-0.74,https://statiz.sporki.com/data/team/ci/2024/10001.svg,Kiwoom Heroes
255,하재훈,24 RF,-0.74,107,0.11,-0.85,317,315,290,40,72,19,0,10,121,36,15,2,18,2,0,90,5,2,5,0.248,0.292,0.417,0.709,0.102,73.9,-0.74,https://statiz.sporki.com/data/team/ci/2024/9002.svg,SSG Landers
256,고명준,24 1B,-0.76,106,-0.97,0.21,366,366,340,33,85,13,0,11,131,45,3,4,25,1,0,90,4,0,0,0.25,0.303,0.385,0.688,0.095,68.1,-0.76,https://statiz.sporki.com/data/team/ci/2024/9002.svg,SSG Landers
257,안상현,24 2B,-0.8,37,-0.58,-0.22,75,74,70,3,12,1,0,0,13,2,1,1,4,0,0,14,0,1,0,0.171,0.216,0.186,0.402,-0.01,-7.2,-0.8,https://statiz.sporki.com/data/team/ci/2024/9002.svg,SSG Landers
258,임지열,24 RF,-0.87,22,-0.59,-0.28,57,57,49,4,5,0,0,1,8,5,0,0,7,0,0,16,2,0,1,0.102,0.211,0.163,0.374,-0.011,-8.3,-0.87,https://statiz.sporki.com/data/team/ci/2024/10001.svg,Kiwoom Heroes
259,안주형,24 2B,-0.92,82,-0.57,-0.35,166,154,142,24,31,2,0,0,33,8,4,2,11,1,0,39,3,12,0,0.218,0.279,0.232,0.511,0.041,29.2,-0.92,https://statiz.sporki.com/data/team/ci/2024/1001.svg,Hanwha Eagles
260,김인환,24 LF,-0.99,51,-0.58,-0.41,143,143,131,11,31,2,0,1,36,7,0,0,10,2,0,32,5,0,0,0.237,0.301,0.275,0.576,0.066,48.1,-0.99,https://statiz.sporki.com/data/team/ci/2024/7002.svg,Samsung Lions
261,이재상,24 SS,-1.04,36,-0.55,-0.49,89,88,84,7,16,1,0,1,20,5,0,0,2,2,0,33,0,1,0,0.19,0.227,0.238,0.465,0.013,9.9,-1.04,https://statiz.sporki.com/data/team/ci/2024/10001.svg,Kiwoom Heroes
262,전의산,24 1B,-1.35,34,-1.09,-0.26,63,63,57,3,5,0,0,1,8,3,0,1,5,0,0,15,3,0,1,0.088,0.159,0.14,0.299,-0.051,-37.6,-1.35,https://statiz.sporki.com/data/team/ci/2024/9002.svg,SSG Landers