,Rank,Name,Team,WAR,G,GS,GR,GF,CG,SHO,W,L,S,HD,IP,ER,R,rRA,TBF,H,2B,3B,HR,BB,HP,IB,SO,ROE,BK,WP,ERA,RA9,rRA9,rRA9pf,FIP,WHIP,WAR.1,image_url,team,player_id
0,1,하트,24 P,6.93,26,26,0,0,0,0,13,3,0,0,157.0,47,51,51.0,631,124,16,1,11,38,11,0,182,7,0,2,2.69,2.92,2.92,3.0,3.1,1.03,6.93,https://statiz.sporki.com/data/team/ci/2024/11001.svg,KT Wiz,16065
1,2,윌커슨,24 P,6.81,32,32,0,1,1,1,12,8,0,0,196.2,84,90,88.8,816,210,37,3,18,27,2,0,167,13,0,3,3.84,4.12,4.06,3.91,3.62,1.21,6.81,https://statiz.sporki.com/data/team/ci/2024/3001.svg,LG Twins,12295
2,3,후라도,24 P,6.61,30,30,0,0,0,0,10,8,0,0,190.1,71,78,76.95,779,185,27,4,19,32,9,0,169,12,1,3,3.36,3.69,3.64,3.78,3.84,1.14,6.61,https://statiz.sporki.com/data/team/ci/2024/10001.svg,Kiwoom Heroes,15531
3,4,반즈,24 P,6.43,25,25,0,0,0,0,9,6,0,0,150.2,56,59,55.9,624,140,17,4,18,46,5,0,171,8,0,6,3.35,3.52,3.34,3.18,3.83,1.23,6.43,https://statiz.sporki.com/data/team/ci/2024/3001.svg,LG Twins,15011
4,5,코너,24 P,5.95,28,28,0,1,1,1,11,6,0,0,160.0,61,67,65.45,663,135,17,3,21,40,19,0,158,4,0,9,3.43,3.77,3.68,3.54,4.44,1.09,5.95,https://statiz.sporki.com/data/team/ci/2024/1001.svg,Hanwha Eagles,15860
5,6,원태인,24 P,5.87,28,28,0,1,1,0,15,6,0,0,159.2,65,68,67.3,670,150,29,3,17,42,7,1,119,5,0,3,3.66,3.83,3.79,3.58,4.55,1.2,5.87,https://statiz.sporki.com/data/team/ci/2024/1001.svg,Hanwha Eagles,14113
6,7,헤이수스,24 P,5.09,30,30,0,0,0,0,13,11,0,0,171.1,70,78,75.75,728,171,31,2,22,44,14,1,178,8,1,6,3.68,4.1,3.98,4.24,4.11,1.25,5.09,https://statiz.sporki.com/data/team/ci/2024/10001.svg,Kiwoom Heroes,16138
7,8,쿠에바스,24 P,5.06,31,31,0,0,0,0,7,12,0,0,173.1,79,86,86.0,737,158,36,3,17,59,7,4,154,11,1,11,4.1,4.47,4.47,4.34,4.25,1.25,5.06,https://statiz.sporki.com/data/team/ci/2024/12001.svg,Doosan Bears,13942
8,9,레예스,24 P,5.06,26,26,0,0,0,0,11,4,0,0,144.0,61,65,62.55,617,159,21,3,15,30,7,0,114,5,0,4,3.81,4.06,3.91,3.72,4.26,1.31,5.06,https://statiz.sporki.com/data/team/ci/2024/1001.svg,Hanwha Eagles,15861
9,10,양현종,24 P,5.01,29,29,0,3,3,0,11,5,0,0,171.1,78,86,83.1,727,174,37,6,21,41,6,0,129,11,0,2,4.1,4.52,4.37,4.37,4.63,1.25,5.01,https://statiz.sporki.com/data/team/ci/2024/2002.svg,KIA Tigers,10058
10,11,곽빈,24 P,5.0,30,30,0,0,0,0,15,9,0,0,167.2,79,83,76.7,716,142,29,1,11,76,6,0,154,5,1,11,4.24,4.46,4.12,4.25,4.13,1.3,5.0,https://statiz.sporki.com/data/team/ci/2024/6002.svg,NC Dinos,13061
11,12,네일,24 P,4.9,26,26,0,0,0,0,12,5,0,0,149.1,42,69,67.3,642,154,27,1,11,35,9,0,138,17,1,3,2.53,4.16,4.06,4.04,3.68,1.27,4.9,https://statiz.sporki.com/data/team/ci/2024/2002.svg,KIA Tigers,16088
12,13,임찬규,24 P,4.46,25,24,1,0,0,0,10,6,0,1,134.0,57,58,56.1,577,144,29,1,12,42,5,1,136,0,0,1,3.83,3.9,3.77,3.94,3.79,1.39,4.46,https://statiz.sporki.com/data/team/ci/2024/5002.svg,Lotte Giants,10652
13,14,류현진,24 P,4.44,28,28,0,0,0,0,10,8,0,0,158.1,68,78,76.95,679,182,22,1,12,33,3,0,135,10,0,1,3.87,4.43,4.37,4.41,3.67,1.36,4.44,https://statiz.sporki.com/data/team/ci/2024/7002.svg,Samsung Lions,10590
14,15,엔스,24 P,4.33,30,30,0,0,0,0,13,6,0,0,167.2,78,84,83.65,714,169,29,3,16,50,6,0,157,9,0,4,4.19,4.51,4.49,4.64,4.03,1.31,4.33,https://statiz.sporki.com/data/team/ci/2024/5002.svg,Lotte Giants,16023
15,16,손주영,24 P,4.31,28,27,1,0,0,0,9,10,0,1,144.2,61,71,65.3,637,157,16,0,11,54,10,0,112,9,0,6,3.79,4.42,4.06,4.26,4.54,1.46,4.31,https://statiz.sporki.com/data/team/ci/2024/5002.svg,Lotte Giants,12908
16,17,엘리아스,24 P,4.09,22,21,1,0,0,0,7,7,0,0,123.2,56,59,55.9,525,126,14,0,13,30,6,0,104,10,0,3,4.08,4.29,4.07,3.92,4.25,1.26,4.09,https://statiz.sporki.com/data/team/ci/2024/9002.svg,SSG Landers,15644
17,18,박세웅,24 P,4.06,30,30,0,0,0,0,6,11,0,0,173.1,92,103,97.65,759,188,33,0,13,56,11,0,124,12,0,10,4.78,5.35,5.07,4.97,4.5,1.41,4.06,https://statiz.sporki.com/data/team/ci/2024/3001.svg,LG Twins,11310
18,19,엄상백,24 P,3.93,29,29,0,0,0,0,13,10,0,0,156.2,85,88,85.4,675,164,26,3,26,42,7,0,159,3,0,2,4.88,5.06,4.91,4.74,4.61,1.31,3.93,https://statiz.sporki.com/data/team/ci/2024/12001.svg,Doosan Bears,11318
19,20,앤더슨,24 P,3.86,24,23,1,0,0,0,11,3,0,0,115.2,50,55,53.8,496,98,13,1,11,53,8,0,158,4,1,5,3.89,4.28,4.19,3.93,3.55,1.31,3.86,https://statiz.sporki.com/data/team/ci/2024/9002.svg,SSG Landers,16146
20,21,김광현,24 P,3.42,31,31,0,0,0,0,12,10,0,0,162.1,89,95,94.65,709,162,29,0,24,73,6,1,154,6,0,8,4.93,5.27,5.25,5.08,5.1,1.45,3.42,https://statiz.sporki.com/data/team/ci/2024/9002.svg,SSG Landers,10126
21,22,최원태,24 P,3.3,24,23,1,0,0,0,9,7,0,0,126.2,60,66,62.2,554,126,20,1,10,57,5,0,103,6,0,5,4.26,4.69,4.42,4.58,4.62,1.44,3.3,https://statiz.sporki.com/data/team/ci/2024/5002.svg,Lotte Giants,11379
22,23,하영민,24 P,3.25,28,28,0,0,0,0,9,8,0,0,150.1,73,82,79.25,671,168,33,6,8,58,5,0,101,9,0,7,4.37,4.91,4.74,5.02,4.45,1.5,3.25,https://statiz.sporki.com/data/team/ci/2024/10001.svg,Kiwoom Heroes,11222
23,24,김택연,24 P,3.23,60,0,60,32,0,0,3,2,19,4,65.0,15,17,18.9,277,51,11,0,2,31,4,1,78,1,0,3,2.08,2.35,2.62,2.67,3.19,1.26,3.23,https://statiz.sporki.com/data/team/ci/2024/6002.svg,NC Dinos,16067
24,25,벤자민,24 P,3.19,28,28,0,0,0,0,11,8,0,0,149.2,77,90,86.65,639,141,25,4,28,48,4,2,156,12,0,4,4.63,5.41,5.21,5.11,4.88,1.26,3.19,https://statiz.sporki.com/data/team/ci/2024/12001.svg,Doosan Bears,15143
25,26,신민혁,24 P,3.14,25,24,1,1,0,0,8,9,0,0,121.0,58,67,61.3,524,140,24,3,20,16,7,0,74,8,1,2,4.31,4.98,4.56,4.67,5.23,1.29,3.14,https://statiz.sporki.com/data/team/ci/2024/11001.svg,KT Wiz,13085
26,27,주현상,24 P,3.13,65,0,65,51,0,0,8,4,23,2,71.1,21,22,24.75,267,52,8,2,9,8,1,0,64,0,0,1,2.65,2.78,3.12,3.09,3.85,0.84,3.13,https://statiz.sporki.com/data/team/ci/2024/7002.svg,Samsung Lions,11415
27,28,노경은,24 P,2.95,77,0,77,7,0,0,8,5,0,38,83.2,27,30,36.0,350,71,10,1,10,32,4,4,71,2,0,3,2.9,3.23,3.87,3.75,4.69,1.23,2.95,https://statiz.sporki.com/data/team/ci/2024/9002.svg,SSG Landers,10203
28,29,와이스,24 P,2.92,16,16,0,0,0,0,5,5,0,0,91.2,38,43,41.95,384,77,13,5,8,29,3,0,98,7,0,6,3.73,4.22,4.12,4.06,3.65,1.16,2.92,https://statiz.sporki.com/data/team/ci/2024/7002.svg,Samsung Lions,16153
29,30,박영현,24 P,2.72,66,0,66,52,0,0,10,2,25,0,76.2,30,31,32.85,310,63,7,1,12,22,0,2,87,3,0,1,3.52,3.64,3.86,3.82,4.07,1.11,2.72,https://statiz.sporki.com/data/team/ci/2024/12001.svg,Doosan Bears,15089
30,31,이승현,24 P,2.7,17,17,0,0,0,0,6,4,0,0,87.1,41,44,41.9,384,88,11,1,9,37,6,0,68,3,0,4,4.23,4.53,4.32,4.11,5.01,1.43,2.7,https://statiz.sporki.com/data/team/ci/2024/1001.svg,Hanwha Eagles,14798
31,32,오원석,24 P,2.67,29,25,4,1,0,0,6,9,0,1,121.2,68,72,68.7,550,122,14,1,17,65,13,1,112,6,0,3,5.03,5.33,5.08,4.96,5.52,1.54,2.67,https://statiz.sporki.com/data/team/ci/2024/9002.svg,SSG Landers,14581
32,33,브랜든,24 P,2.47,14,14,0,0,0,0,7,4,0,0,75.0,26,34,31.75,315,75,11,2,3,11,4,0,75,9,0,2,3.12,4.08,3.81,3.96,2.8,1.15,2.47,https://statiz.sporki.com/data/team/ci/2024/6002.svg,NC Dinos,15153
33,34,김원중,24 P,2.44,56,0,56,42,0,0,3,6,25,0,63.1,25,27,28.5,277,59,8,0,4,31,1,7,68,2,0,5,3.55,3.84,4.05,3.85,3.64,1.42,2.44,https://statiz.sporki.com/data/team/ci/2024/3001.svg,LG Twins,10825
34,35,정해영,24 P,2.44,53,0,53,44,0,0,2,3,31,1,50.2,14,14,16.9,210,47,5,1,8,16,1,2,50,1,0,0,2.49,2.49,3.0,2.98,4.59,1.24,2.44,https://statiz.sporki.com/data/team/ci/2024/2002.svg,KIA Tigers,14608
35,36,김재열,24 P,2.42,69,0,69,16,0,0,1,5,2,12,68.2,19,20,25.45,284,58,15,1,4,29,0,3,67,2,1,1,2.49,2.62,3.34,3.46,3.72,1.27,2.42,https://statiz.sporki.com/data/team/ci/2024/11001.svg,KT Wiz,14747
36,37,조병현,24 P,2.37,76,0,76,27,0,0,4,6,12,12,73.0,29,34,32.65,302,52,10,0,8,31,2,3,96,5,0,5,3.58,4.19,4.03,3.8,3.53,1.14,2.37,https://statiz.sporki.com/data/team/ci/2024/9002.svg,SSG Landers,14805
37,38,김시훈,24 P,2.31,39,18,21,0,0,0,3,4,0,5,107.1,54,60,57.45,477,110,25,1,7,59,3,0,74,7,1,1,4.53,5.03,4.82,4.98,5.04,1.57,2.31,https://statiz.sporki.com/data/team/ci/2024/11001.svg,KT Wiz,13080
38,39,카스타노,24 P,2.26,19,19,0,0,0,0,8,6,0,0,111.2,54,65,63.45,476,117,23,4,11,25,7,0,89,7,1,0,4.35,5.24,5.11,5.2,4.27,1.27,2.26,https://statiz.sporki.com/data/team/ci/2024/11001.svg,KT Wiz,16064
39,40,켈리,24 P,2.2,19,19,0,2,2,1,5,8,0,0,113.2,57,65,65.0,495,131,18,1,13,25,6,0,69,4,0,9,4.51,5.15,5.15,5.28,4.89,1.37,2.2,https://statiz.sporki.com/data/team/ci/2024/5002.svg,Lotte Giants,13934
40,41,윤영철,24 P,2.18,18,18,0,0,0,0,7,4,0,0,81.2,38,44,42.65,362,82,14,1,8,43,1,0,58,7,0,1,4.19,4.85,4.7,4.61,5.26,1.53,2.18,https://statiz.sporki.com/data/team/ci/2024/2002.svg,KIA Tigers,15432
41,42,황동하,24 P,2.13,25,21,4,4,0,0,5,7,0,0,103.1,51,64,59.55,464,109,18,0,13,44,8,0,81,7,0,5,4.44,5.57,5.19,5.19,5.3,1.48,2.13,https://statiz.sporki.com/data/team/ci/2024/2002.svg,KIA Tigers,15063
42,43,김민,24 P,2.1,71,1,70,5,0,0,8,4,0,21,77.1,37,38,36.45,336,84,13,0,5,27,2,3,77,3,0,5,4.31,4.42,4.24,4.2,3.6,1.44,2.1,https://statiz.sporki.com/data/team/ci/2024/12001.svg,Doosan Bears,13167
43,44,김진욱,24 P,2.02,19,18,1,0,0,0,4,3,0,0,84.2,50,54,49.85,388,89,21,3,13,44,3,0,87,6,0,5,5.31,5.74,5.3,5.04,5.18,1.57,2.02,https://statiz.sporki.com/data/team/ci/2024/3001.svg,LG Twins,14792
44,45,임창민,24 P,1.97,60,0,60,6,0,0,2,1,1,28,54.1,24,26,23.3,253,60,10,0,4,30,2,2,50,3,0,5,3.98,4.31,3.86,3.61,4.49,1.66,1.97,https://statiz.sporki.com/data/team/ci/2024/1001.svg,Hanwha Eagles,10452
45,46,장현식,24 P,1.94,75,0,75,6,0,0,5,4,0,16,75.1,33,41,37.4,331,75,16,0,8,34,2,2,75,5,0,4,3.94,4.9,4.47,4.43,4.37,1.45,1.94,https://statiz.sporki.com/data/team/ci/2024/2002.svg,KIA Tigers,11164
46,47,이병헌,24 P,1.91,77,0,77,6,0,0,6,1,1,22,65.1,21,25,29.9,285,61,7,1,3,34,3,1,57,1,1,2,2.89,3.44,4.12,4.21,4.27,1.45,1.91,https://statiz.sporki.com/data/team/ci/2024/6002.svg,NC Dinos,15099
47,48,고영표,24 P,1.86,18,17,1,0,0,0,6,8,0,0,100.0,55,61,59.8,456,141,27,4,6,14,11,0,79,4,1,2,4.95,5.49,5.38,5.31,3.71,1.55,1.86,https://statiz.sporki.com/data/team/ci/2024/12001.svg,Doosan Bears,11308
48,49,김강률,24 P,1.78,53,0,53,3,0,0,2,2,1,12,42.0,14,16,11.15,187,41,7,0,1,21,2,0,33,1,0,1,3.0,3.43,2.39,2.48,4.22,1.48,1.78,https://statiz.sporki.com/data/team/ci/2024/6002.svg,NC Dinos,10690
49,50,문동주,24 P,1.77,21,21,0,0,0,0,7,7,0,0,111.1,64,71,69.6,502,148,25,3,14,38,4,1,96,4,1,8,5.17,5.74,5.63,5.61,4.71,1.67,1.77,https://statiz.sporki.com/data/team/ci/2024/7002.svg,Samsung Lions,15013
50,51,김영규,24 P,1.74,42,0,42,4,0,0,4,2,1,14,45.2,16,19,17.2,183,40,4,0,3,14,1,0,48,2,0,1,3.15,3.74,3.39,3.53,3.37,1.18,1.74,https://statiz.sporki.com/data/team/ci/2024/11001.svg,KT Wiz,13088
51,52,바리아,24 P,1.69,20,19,1,0,0,0,6,7,0,0,92.2,53,58,56.6,405,114,20,1,10,18,0,0,83,7,0,6,5.15,5.63,5.5,5.39,3.85,1.42,1.69,https://statiz.sporki.com/data/team/ci/2024/7002.svg,Samsung Lions,16150
52,53,전상현,24 P,1.64,66,0,66,16,0,0,10,5,7,19,66.0,30,32,33.75,272,55,7,2,5,20,5,1,54,1,0,2,4.09,4.36,4.6,4.7,4.18,1.14,1.64,https://statiz.sporki.com/data/team/ci/2024/2002.svg,KIA Tigers,12537
53,54,최지광,24 P,1.63,35,0,35,1,0,0,3,2,0,7,36.1,9,9,12.25,154,22,6,1,1,21,4,2,38,0,1,2,2.23,2.23,3.03,2.85,3.96,1.18,1.63,https://statiz.sporki.com/data/team/ci/2024/1001.svg,Hanwha Eagles,12934
54,55,홍건희,24 P,1.59,65,0,65,18,0,0,4,3,9,11,59.1,18,22,27.65,264,55,6,1,5,33,5,4,45,2,0,5,2.73,3.34,4.19,4.36,5.19,1.48,1.59,https://statiz.sporki.com/data/team/ci/2024/6002.svg,NC Dinos,10696
55,56,에르난데스,24 P,1.59,11,9,2,1,0,0,3,2,1,1,47.0,21,21,19.45,195,41,6,1,5,16,2,0,55,1,0,1,4.02,4.02,3.72,3.92,3.73,1.21,1.59,https://statiz.sporki.com/data/team/ci/2024/5002.svg,Lotte Giants,16160
56,57,한현희,24 P,1.58,57,5,52,5,0,0,5,3,0,8,76.1,44,45,44.45,342,92,18,1,7,24,10,1,70,3,0,4,5.19,5.31,5.24,4.97,4.38,1.52,1.58,https://statiz.sporki.com/data/team/ci/2024/3001.svg,LG Twins,10863
57,58,산체스,24 P,1.48,11,11,0,0,0,0,2,3,0,0,53.1,25,28,25.8,245,60,9,1,2,21,10,1,56,4,1,2,4.22,4.73,4.35,4.43,3.82,1.52,1.48,https://statiz.sporki.com/data/team/ci/2024/7002.svg,Samsung Lions,15643
58,59,우규민,24 P,1.48,45,0,45,15,0,0,4,1,1,4,43.1,12,14,15.9,181,47,7,2,1,2,2,0,39,4,0,0,2.49,2.91,3.3,3.15,2.51,1.13,1.48,https://statiz.sporki.com/data/team/ci/2024/12001.svg,Doosan Bears,10523
59,60,이재학,24 P,1.45,21,21,0,0,0,0,3,12,0,0,104.1,64,68,66.25,462,108,27,3,17,42,4,0,97,3,0,2,5.52,5.87,5.71,5.86,5.18,1.44,1.45,https://statiz.sporki.com/data/team/ci/2024/11001.svg,KT Wiz,10220
60,61,발라조빅,24 P,1.44,12,11,1,0,0,0,2,6,0,1,57.0,27,29,28.0,250,54,13,1,3,28,2,0,69,1,0,2,4.26,4.58,4.42,4.67,3.22,1.44,1.44,https://statiz.sporki.com/data/team/ci/2024/6002.svg,NC Dinos,16155
61,62,최원준,24 P,1.42,24,24,0,0,0,0,6,7,0,0,110.0,79,79,70.35,490,125,24,2,21,34,10,1,72,3,0,1,6.46,6.46,5.76,5.94,6.07,1.45,1.42,https://statiz.sporki.com/data/team/ci/2024/6002.svg,NC Dinos,12852
62,63,김재윤,24 P,1.42,65,0,65,21,0,0,4,8,11,25,66.0,30,37,37.45,284,58,9,1,13,25,1,5,51,5,0,2,4.09,5.05,5.11,4.81,5.69,1.26,1.42,https://statiz.sporki.com/data/team/ci/2024/1001.svg,Hanwha Eagles,11489
63,64,최준호,24 P,1.4,17,15,2,0,0,0,3,6,0,0,72.1,41,44,41.7,314,69,8,2,11,30,4,0,58,2,0,6,5.1,5.47,5.19,5.24,5.46,1.37,1.4,https://statiz.sporki.com/data/team/ci/2024/6002.svg,NC Dinos,15508
64,65,알드레드,24 P,1.37,9,9,0,1,1,1,3,2,0,0,43.2,22,24,20.35,184,38,4,0,4,17,2,0,52,4,0,1,4.53,4.95,4.19,4.18,3.66,1.26,1.37,https://statiz.sporki.com/data/team/ci/2024/2002.svg,KIA Tigers,16151
65,66,알칸타라,24 P,1.36,12,12,0,0,0,0,2,2,0,0,64.1,34,35,34.65,270,58,8,3,10,22,2,0,34,3,0,0,4.76,4.9,4.85,5.09,5.88,1.24,1.36,https://statiz.sporki.com/data/team/ci/2024/6002.svg,NC Dinos,13941
66,67,곽도규,24 P,1.33,71,0,71,3,0,0,4,2,2,16,55.2,22,24,28.6,248,43,7,0,4,34,4,1,64,5,0,7,3.56,3.88,4.62,4.56,4.24,1.38,1.33,https://statiz.sporki.com/data/team/ci/2024/2002.svg,KIA Tigers,15435
67,68,김태훈,24 P,1.32,56,0,56,8,0,0,3,2,0,23,52.1,23,24,25.55,225,49,8,1,6,19,4,1,37,2,1,2,3.96,4.13,4.39,4.34,5.16,1.3,1.32,https://statiz.sporki.com/data/team/ci/2024/1001.svg,Hanwha Eagles,10871
68,69,최지강,24 P,1.26,55,0,55,4,0,0,3,1,1,15,50.0,18,19,24.55,222,48,7,2,6,24,6,2,45,2,0,3,3.24,3.42,4.42,4.52,5.18,1.44,1.26,https://statiz.sporki.com/data/team/ci/2024/6002.svg,NC Dinos,15127
69,70,크로우,24 P,1.25,8,8,0,0,0,0,5,1,0,0,40.1,16,19,18.0,172,41,7,0,2,12,1,1,43,1,0,0,3.57,4.24,4.02,4.21,3.05,1.31,1.25,https://statiz.sporki.com/data/team/ci/2024/2002.svg,KIA Tigers,16087
70,71,황준서,24 P,1.24,36,11,25,6,0,0,2,8,0,1,72.0,43,44,44.05,341,80,16,0,9,51,5,0,70,1,1,3,5.38,5.5,5.51,5.42,5.67,1.82,1.24,https://statiz.sporki.com/data/team/ci/2024/7002.svg,Samsung Lions,16107
71,72,김진성,24 P,1.23,71,0,71,6,0,0,3,3,1,27,70.1,31,34,38.35,294,62,11,1,11,23,7,3,61,4,0,2,3.97,4.35,4.91,5.13,5.17,1.21,1.23,https://statiz.sporki.com/data/team/ci/2024/5002.svg,Lotte Giants,11166
72,73,김도현,24 P,1.23,35,10,25,6,0,0,4,6,0,3,75.0,41,45,45.85,345,87,11,1,9,31,9,0,59,2,0,4,4.92,5.4,5.5,5.42,5.31,1.57,1.23,https://statiz.sporki.com/data/team/ci/2024/2002.svg,KIA Tigers,14128
73,74,황동재,24 P,1.18,15,6,9,2,0,0,1,2,0,0,42.0,19,20,20.0,180,38,9,1,2,18,4,0,30,0,0,5,4.07,4.29,4.29,4.25,4.6,1.33,1.18,https://statiz.sporki.com/data/team/ci/2024/1001.svg,Hanwha Eagles,14615
74,75,이승현,24 P,1.17,60,0,60,9,0,0,6,2,1,9,60.1,30,31,34.15,265,68,14,2,6,23,3,0,51,1,0,2,4.48,4.62,5.09,4.82,4.61,1.51,1.17,https://statiz.sporki.com/data/team/ci/2024/1001.svg,Hanwha Eagles,10527
75,76,박진,24 P,1.12,38,3,35,11,0,0,2,4,1,0,49.1,24,28,27.65,214,60,9,1,4,11,2,0,35,0,0,4,4.38,5.11,5.04,4.72,4.21,1.44,1.12,https://statiz.sporki.com/data/team/ci/2024/3001.svg,LG Twins,14163
76,77,김상수,24 P,1.12,74,0,74,10,0,0,8,4,2,17,73.2,34,40,45.4,322,71,11,1,5,26,5,2,56,6,1,6,4.15,4.89,5.55,5.38,4.33,1.32,1.12,https://statiz.sporki.com/data/team/ci/2024/3001.svg,LG Twins,10427
77,78,박상원,24 P,1.11,65,0,65,9,0,0,3,3,2,16,66.2,34,38,38.25,278,57,18,0,2,22,7,0,65,3,0,8,4.59,5.13,5.16,5.12,3.47,1.19,1.11,https://statiz.sporki.com/data/team/ci/2024/7002.svg,Samsung Lions,12871
78,79,문승원,24 P,1.06,62,0,62,37,0,0,6,1,20,6,60.0,30,33,35.75,265,67,7,0,10,24,1,3,53,3,0,2,4.5,4.95,5.36,5.05,5.16,1.52,1.06,https://statiz.sporki.com/data/team/ci/2024/9002.svg,SSG Landers,10783
79,80,유영찬,24 P,1.06,62,0,62,50,0,0,7,5,26,1,63.2,21,24,35.5,286,61,15,0,2,30,3,3,77,3,2,5,2.97,3.39,5.02,5.22,3.06,1.43,1.06,https://statiz.sporki.com/data/team/ci/2024/5002.svg,Lotte Giants,14669
80,81,백정현,24 P,1.05,17,15,2,1,0,0,6,5,0,0,78.2,52,56,54.8,360,104,15,2,13,27,1,1,56,4,0,0,5.95,6.41,6.27,5.83,5.45,1.67,1.05,https://statiz.sporki.com/data/team/ci/2024/1001.svg,Hanwha Eagles,10363
81,82,송영진,24 P,1.04,26,20,6,2,0,0,5,10,0,0,99.1,64,74,68.15,456,112,19,2,10,51,1,0,67,7,2,8,5.8,6.7,6.17,6.06,5.33,1.64,1.04,https://statiz.sporki.com/data/team/ci/2024/9002.svg,SSG Landers,15462
82,83,이민우,24 P,0.99,64,0,64,7,0,0,2,1,1,10,55.0,23,25,31.35,235,56,10,2,5,23,1,0,49,2,0,1,3.76,4.09,5.13,4.97,4.41,1.44,0.99,https://statiz.sporki.com/data/team/ci/2024/7002.svg,Samsung Lions,13003
83,84,주승우,24 P,0.98,55,0,55,35,0,0,4,6,14,5,51.2,25,25,26.55,225,50,14,1,4,18,5,5,43,2,0,1,4.35,4.35,4.62,4.94,4.18,1.32,0.98,https://statiz.sporki.com/data/team/ci/2024/10001.svg,Kiwoom Heroes,15067
84,85,이상민,24 P,0.94,37,0,37,6,0,0,2,1,1,8,30.0,13,13,11.6,121,31,5,0,2,6,4,0,12,0,0,2,3.9,3.9,3.48,3.52,5.03,1.23,0.94,https://statiz.sporki.com/data/team/ci/2024/1001.svg,Hanwha Eagles,11169
85,86,한승혁,24 P,0.94,70,0,70,4,0,0,5,5,0,19,62.2,35,39,37.1,289,63,7,1,2,38,6,2,64,2,0,6,5.03,5.6,5.33,5.27,4.2,1.61,0.94,https://statiz.sporki.com/data/team/ci/2024/7002.svg,Samsung Lions,10812
86,87,라우어,24 P,0.89,7,7,0,0,0,0,2,2,0,0,34.2,19,19,17.8,150,35,7,1,3,12,3,0,37,0,0,0,4.93,4.93,4.62,4.7,3.9,1.36,0.89,https://statiz.sporki.com/data/team/ci/2024/2002.svg,KIA Tigers,16161
87,88,한재승,24 P,0.88,51,0,51,12,0,0,1,2,0,6,45.1,20,21,24.2,201,37,7,1,2,27,3,0,44,2,0,6,3.97,4.17,4.8,4.84,4.35,1.41,0.88,https://statiz.sporki.com/data/team/ci/2024/11001.svg,KT Wiz,14764
88,89,조상우,24 P,0.87,44,0,44,7,0,0,0,1,6,9,39.2,14,17,18.85,171,40,6,0,2,20,0,1,36,0,0,1,3.18,3.86,4.28,4.66,4.02,1.51,0.87,https://statiz.sporki.com/data/team/ci/2024/10001.svg,Kiwoom Heroes,11126
89,90,한두솔,24 P,0.86,69,0,69,8,0,0,2,1,0,3,59.1,33,40,35.9,273,62,10,2,3,31,3,2,68,5,0,1,5.01,6.07,5.45,5.24,3.61,1.57,0.86,https://statiz.sporki.com/data/team/ci/2024/9002.svg,SSG Landers,13228
90,91,임정호,24 P,0.85,65,0,65,10,0,0,1,6,2,9,55.0,27,32,31.65,243,54,8,1,3,25,3,3,46,3,0,0,4.42,5.24,5.18,5.28,4.22,1.44,0.85,https://statiz.sporki.com/data/team/ci/2024/11001.svg,KT Wiz,11168
91,92,김유영,24 P,0.84,53,2,51,6,0,0,1,2,1,6,47.2,20,27,25.7,212,50,7,0,2,16,4,0,42,8,1,3,3.78,5.1,4.85,4.99,3.8,1.38,0.84,https://statiz.sporki.com/data/team/ci/2024/5002.svg,Lotte Giants,11229
92,93,정현수,24 P,0.83,18,4,14,0,0,0,1,1,0,1,23.2,12,12,10.75,104,20,7,0,0,12,2,0,25,1,0,0,4.56,4.56,4.09,3.85,3.39,1.35,0.83,https://statiz.sporki.com/data/team/ci/2024/3001.svg,LG Twins,16090
93,94,김인범,24 P,0.79,19,14,5,4,0,0,2,7,0,0,63.1,38,40,39.3,297,75,8,1,9,31,8,0,27,2,1,3,5.4,5.68,5.58,5.77,6.73,1.67,0.79,https://statiz.sporki.com/data/team/ci/2024/10001.svg,Kiwoom Heroes,14480
94,95,김민규,24 P,0.75,13,4,9,4,0,0,0,1,0,0,25.0,12,14,12.15,117,23,7,2,4,19,4,0,19,1,0,3,4.32,5.04,4.37,4.3,7.06,1.68,0.75,https://statiz.sporki.com/data/team/ci/2024/6002.svg,NC Dinos,13072
95,96,장민재,24 P,0.74,26,0,26,9,0,0,1,1,0,0,29.0,10,10,12.75,138,46,7,0,2,7,1,0,17,0,0,5,3.1,3.1,3.96,3.88,4.41,1.83,0.74,https://statiz.sporki.com/data/team/ci/2024/7002.svg,Samsung Lions,10610
96,97,시라카와,24 P,0.72,12,12,0,0,0,0,4,5,0,0,57.1,36,41,37.75,264,59,6,1,6,33,3,0,46,4,0,5,5.65,6.44,5.93,6.0,5.39,1.6,0.72,https://statiz.sporki.com/data/team/ci/2024/6002.svg,NC Dinos,16148
97,98,김서현,24 P,0.71,37,0,37,5,0,0,1,2,0,10,38.1,16,20,20.15,178,31,6,2,0,32,4,0,43,2,0,3,3.76,4.7,4.73,4.93,4.31,1.64,0.71,https://statiz.sporki.com/data/team/ci/2024/7002.svg,Samsung Lions,15421
98,99,김민수,24 P,0.7,75,0,75,6,0,0,5,3,0,12,81.1,47,56,54.45,358,84,13,5,8,33,1,2,75,8,0,3,5.2,6.2,6.03,5.92,4.28,1.44,0.7,https://statiz.sporki.com/data/team/ci/2024/12001.svg,Doosan Bears,11317
99,100,김성민,24 P,0.65,46,0,46,4,0,0,3,4,0,14,45.2,22,24,25.15,188,45,4,0,5,17,1,0,34,0,1,3,4.34,4.73,4.96,5.33,4.86,1.36,0.65,https://statiz.sporki.com/data/team/ci/2024/10001.svg,Kiwoom Heroes,12918
100,101,김민우,24 P,0.62,3,3,0,0,0,0,1,0,0,0,12.1,3,3,3.0,49,7,0,0,2,6,0,0,13,1,0,0,2.19,2.19,2.19,2.44,5.0,1.05,0.62,https://statiz.sporki.com/data/team/ci/2024/7002.svg,Samsung Lions,11410
101,102,육청명,24 P,0.61,13,10,3,1,0,0,1,5,0,0,44.2,27,31,28.95,208,52,13,1,6,20,6,2,20,6,0,3,5.44,6.25,5.83,5.85,6.41,1.61,0.61,https://statiz.sporki.com/data/team/ci/2024/12001.svg,Doosan Bears,16028
102,103,이영하,24 P,0.6,59,1,58,8,0,0,5,4,2,5,65.1,29,34,41.05,298,62,9,3,4,36,2,1,59,6,0,7,3.99,4.68,5.65,5.85,4.47,1.5,0.6,https://statiz.sporki.com/data/team/ci/2024/6002.svg,NC Dinos,12568
103,104,조이현,24 P,0.55,16,9,7,2,0,0,1,2,0,0,40.0,28,29,27.4,184,53,11,1,9,10,1,1,19,1,0,1,6.3,6.53,6.17,5.93,6.46,1.58,0.55,https://statiz.sporki.com/data/team/ci/2024/12001.svg,Doosan Bears,11284
104,105,김윤하,24 P,0.54,19,12,7,0,0,0,1,6,0,2,79.0,53,57,54.95,363,93,22,2,6,35,4,0,43,4,1,3,6.04,6.49,6.26,6.67,5.27,1.62,0.54,https://statiz.sporki.com/data/team/ci/2024/10001.svg,Kiwoom Heroes,16123
105,106,김재웅,24 P,0.54,26,0,26,1,0,0,0,2,0,7,23.2,9,9,11.25,107,24,3,1,2,12,1,1,19,3,0,1,3.42,3.42,4.28,4.63,4.9,1.52,0.54,https://statiz.sporki.com/data/team/ci/2024/10001.svg,Kiwoom Heroes,12858
106,107,김강현,24 P,0.53,26,0,26,10,0,0,0,0,0,0,25.1,10,13,13.7,123,28,4,0,2,18,2,1,24,3,0,3,3.55,4.62,4.87,4.54,5.1,1.82,0.53,https://statiz.sporki.com/data/team/ci/2024/3001.svg,LG Twins,12699
107,108,이상영,24 P,0.53,8,3,5,0,0,0,0,1,0,1,16.1,6,6,7.05,75,15,0,0,1,8,4,0,8,0,0,2,3.31,3.31,3.88,4.2,5.98,1.41,0.53,https://statiz.sporki.com/data/team/ci/2024/5002.svg,Lotte Giants,14135
108,109,이종준,24 P,0.52,27,0,27,13,0,0,1,2,0,1,26.0,12,13,12.65,119,26,5,0,4,16,0,0,28,1,0,1,4.15,4.5,4.38,4.5,5.25,1.62,0.52,https://statiz.sporki.com/data/team/ci/2024/5002.svg,Lotte Giants,14651
109,110,이상규,24 P,0.48,21,3,18,4,0,0,1,4,0,0,32.0,20,20,18.95,149,39,7,1,5,15,1,1,27,0,0,1,5.63,5.63,5.33,5.29,5.4,1.69,0.48,https://statiz.sporki.com/data/team/ci/2024/7002.svg,Samsung Lions,13245
110,111,이기순,24 P,0.47,10,2,8,2,0,0,1,1,0,0,19.2,8,10,9.15,94,12,1,0,2,23,1,0,24,0,0,1,3.66,4.58,4.19,4.12,6.14,1.78,0.47,https://statiz.sporki.com/data/team/ci/2024/9002.svg,SSG Landers,15028
111,112,이준영,24 P,0.42,56,0,56,5,0,0,4,0,0,9,35.0,15,21,22.15,160,37,8,0,5,17,2,3,33,4,0,0,3.86,5.4,5.7,5.64,4.96,1.54,0.42,https://statiz.sporki.com/data/team/ci/2024/2002.svg,KIA Tigers,11303
112,113,전미르,24 P,0.42,36,0,36,6,0,0,1,5,1,5,33.2,22,28,22.5,155,33,10,0,4,21,1,2,34,4,0,3,5.88,7.49,6.01,5.62,5.02,1.6,0.42,https://statiz.sporki.com/data/team/ci/2024/3001.svg,LG Twins,16089
113,114,최지민,24 P,0.41,56,0,56,4,0,0,3,3,3,12,46.0,26,28,29.9,225,44,10,1,2,40,4,0,37,4,0,6,5.09,5.48,5.85,5.88,5.67,1.83,0.41,https://statiz.sporki.com/data/team/ci/2024/2002.svg,KIA Tigers,15057
114,115,송은범,24 P,0.38,9,0,9,3,0,0,0,0,0,2,8.1,1,1,1.5,32,8,2,0,0,1,0,0,2,0,0,0,1.08,1.08,1.62,1.51,3.97,1.08,0.38,https://statiz.sporki.com/data/team/ci/2024/1001.svg,Hanwha Eagles,10137
115,116,박시영,24 P,0.36,26,0,26,5,0,0,0,1,1,4,25.1,13,13,15.4,110,27,8,1,4,7,1,1,23,0,0,3,4.62,4.62,5.47,5.36,4.67,1.34,0.36,https://statiz.sporki.com/data/team/ci/2024/12001.svg,Doosan Bears,10737
116,117,김기중,24 P,0.33,27,11,16,4,0,0,5,4,0,0,59.0,43,44,42.6,286,83,12,1,8,27,6,0,39,2,0,2,6.56,6.71,6.5,6.56,5.89,1.86,0.33,https://statiz.sporki.com/data/team/ci/2024/7002.svg,Samsung Lions,14808
117,118,소형준,24 P,0.33,6,0,6,1,0,0,2,0,0,0,8.1,3,3,2.5,30,7,2,0,1,1,1,0,3,0,0,0,3.24,3.24,2.7,2.59,5.47,0.96,0.33,https://statiz.sporki.com/data/team/ci/2024/12001.svg,Doosan Bears,14600
118,119,스타우트,24 P,0.33,4,4,0,0,0,0,1,1,0,0,16.0,9,10,9.5,73,17,3,1,2,5,3,0,20,1,0,1,5.06,5.63,5.34,5.22,4.11,1.38,0.33,https://statiz.sporki.com/data/team/ci/2024/2002.svg,KIA Tigers,16163
119,120,최하늘,24 P,0.32,27,0,27,4,0,0,1,1,0,1,32.0,19,20,20.85,139,26,4,0,2,16,4,0,18,3,0,2,5.34,5.63,5.86,5.72,5.47,1.31,0.32,https://statiz.sporki.com/data/team/ci/2024/1001.svg,Hanwha Eagles,13152
120,121,함덕주,24 P,0.32,15,0,15,1,0,0,0,1,0,3,11.2,7,7,4.95,54,13,0,1,2,7,1,0,8,0,0,0,5.4,5.4,3.82,4.02,6.65,1.71,0.32,https://statiz.sporki.com/data/team/ci/2024/5002.svg,Lotte Giants,11094
121,122,김선기,24 P,0.31,42,6,36,4,0,0,6,4,0,0,76.1,47,51,53.6,357,91,18,0,13,30,6,1,43,6,0,6,5.54,6.01,6.32,6.5,6.28,1.59,0.31,https://statiz.sporki.com/data/team/ci/2024/10001.svg,Kiwoom Heroes,13092
122,123,김대우,24 P,0.31,32,1,31,13,0,0,0,0,0,5,34.1,21,24,23.2,157,42,9,0,4,9,3,2,23,3,0,1,5.5,6.29,6.08,5.9,4.81,1.49,0.31,https://statiz.sporki.com/data/team/ci/2024/1001.svg,Hanwha Eagles,10685
123,124,이로운,24 P,0.3,62,0,62,14,0,0,1,3,1,9,56.0,37,43,40.1,277,67,9,2,4,43,3,4,41,3,0,3,5.95,6.91,6.44,6.22,5.65,1.96,0.3,https://statiz.sporki.com/data/team/ci/2024/9002.svg,SSG Landers,15461
124,125,장시환,24 P,0.28,30,0,30,2,0,0,2,2,0,2,33.1,19,27,22.05,156,34,6,1,3,22,1,0,28,5,0,0,5.13,7.29,5.95,5.96,5.31,1.68,0.28,https://statiz.sporki.com/data/team/ci/2024/7002.svg,Samsung Lions,10453
125,126,손동현,24 P,0.28,42,0,42,10,0,0,1,2,1,4,47.1,28,31,33.05,214,50,6,1,5,20,1,2,27,3,0,3,5.32,5.89,6.28,6.24,5.34,1.48,0.28,https://statiz.sporki.com/data/team/ci/2024/12001.svg,Doosan Bears,14108
126,127,페냐,24 P,0.26,9,9,0,0,0,0,3,5,0,0,37.1,26,28,27.3,171,41,6,0,6,20,0,0,29,1,0,1,6.27,6.75,6.58,6.62,5.83,1.63,0.26,https://statiz.sporki.com/data/team/ci/2024/7002.svg,Samsung Lions,15146
127,128,김유성,24 P,0.23,17,7,10,1,0,0,1,2,0,0,28.0,20,23,19.2,139,28,10,0,1,24,4,0,29,1,0,2,6.43,7.39,6.17,6.5,5.13,1.86,0.23,https://statiz.sporki.com/data/team/ci/2024/6002.svg,NC Dinos,15509
128,129,우강훈,24 P,0.23,14,0,14,5,0,0,1,0,0,0,11.2,4,6,5.85,57,11,1,0,0,8,6,0,10,0,0,2,3.09,4.63,4.51,4.58,5.78,1.63,0.23,https://statiz.sporki.com/data/team/ci/2024/5002.svg,Lotte Giants,14816
129,130,김동욱,24 P,0.22,37,0,37,11,0,0,2,1,0,3,36.0,20,20,23.45,146,33,9,1,4,6,2,1,18,1,0,1,5.0,5.0,5.86,6.22,4.96,1.08,0.22,https://statiz.sporki.com/data/team/ci/2024/10001.svg,Kiwoom Heroes,14681
130,131,요키시,24 P,0.22,8,8,0,0,0,0,3,4,0,0,39.1,25,29,28.65,189,51,11,2,5,20,2,0,32,3,0,2,5.72,6.64,6.56,6.86,5.41,1.81,0.22,https://statiz.sporki.com/data/team/ci/2024/11001.svg,KT Wiz,13940
131,132,박신지,24 P,0.22,6,1,5,1,0,0,0,1,0,0,8.2,2,3,4.05,41,8,2,0,0,8,1,0,3,1,0,0,2.08,3.12,4.21,4.18,6.55,1.85,0.22,https://statiz.sporki.com/data/team/ci/2024/6002.svg,NC Dinos,13070
132,133,박진형,24 P,0.21,7,0,7,0,0,0,0,0,0,0,6.1,3,3,2.65,24,6,1,0,0,1,1,0,4,0,0,1,4.26,4.26,3.77,3.76,3.6,1.11,0.21,https://statiz.sporki.com/data/team/ci/2024/3001.svg,LG Twins,11425
133,134,박정수,24 P,0.2,29,1,28,7,0,0,1,2,0,4,29.2,17,18,19.9,137,38,4,1,2,12,2,0,22,0,0,2,5.16,5.46,6.04,6.18,4.61,1.69,0.2,https://statiz.sporki.com/data/team/ci/2024/6002.svg,NC Dinos,11300
134,135,김승현,24 P,0.2,14,0,14,4,0,0,1,0,0,0,18.0,8,12,11.95,85,23,5,1,3,7,0,0,11,2,0,0,4.0,6.0,5.98,5.85,5.86,1.67,0.2,https://statiz.sporki.com/data/team/ci/2024/2002.svg,KIA Tigers,12637
135,136,최종인,24 P,0.2,11,0,11,4,0,0,1,0,1,2,9.2,4,4,5.0,42,8,0,0,2,5,0,0,8,0,0,0,3.72,3.72,4.66,4.71,6.2,1.34,0.2,https://statiz.sporki.com/data/team/ci/2024/6002.svg,NC Dinos,14733
136,137,박종훈,24 P,0.2,10,9,1,1,0,0,1,4,0,0,35.0,27,28,26.1,164,37,7,0,7,21,8,0,34,0,0,3,6.94,7.2,6.71,6.68,6.72,1.66,0.2,https://statiz.sporki.com/data/team/ci/2024/9002.svg,SSG Landers,10131
137,138,임준형,24 P,0.19,18,1,17,3,0,0,0,0,0,0,13.2,10,10,7.95,62,16,4,0,2,4,3,0,13,0,0,0,6.59,6.59,5.24,5.48,5.15,1.46,0.19,https://statiz.sporki.com/data/team/ci/2024/5002.svg,Lotte Giants,14142
138,139,구승민,24 P,0.19,66,0,66,7,0,0,5,3,0,13,57.2,31,37,42.7,279,68,10,0,6,35,6,1,62,5,0,7,4.84,5.77,6.66,6.44,4.9,1.79,0.19,https://statiz.sporki.com/data/team/ci/2024/3001.svg,LG Twins,11291
139,140,최준용,24 P,0.17,27,0,27,4,0,0,1,2,0,3,21.2,13,13,15.55,105,28,2,1,2,14,1,1,12,1,0,1,5.4,5.4,6.46,6.02,5.92,1.94,0.17,https://statiz.sporki.com/data/team/ci/2024/3001.svg,LG Twins,14624
140,141,양지율,24 P,0.16,21,0,21,2,0,0,0,2,0,3,18.2,13,13,11.3,83,16,4,0,1,13,2,0,7,0,0,0,6.27,6.27,5.45,5.92,6.39,1.55,0.16,https://statiz.sporki.com/data/team/ci/2024/10001.svg,Kiwoom Heroes,12854
141,142,최우석,24 P,0.16,9,0,9,3,0,0,0,0,0,0,8.2,3,3,4.2,37,7,2,0,2,6,0,0,8,0,0,1,3.12,3.12,4.36,4.59,6.78,1.5,0.16,https://statiz.sporki.com/data/team/ci/2024/11001.svg,KT Wiz,16056
142,143,박민호,24 P,0.15,19,0,19,8,0,0,2,0,0,0,22.2,12,14,17.1,98,25,3,0,4,7,2,1,10,1,0,0,4.76,5.56,6.79,6.27,6.29,1.41,0.15,https://statiz.sporki.com/data/team/ci/2024/9002.svg,SSG Landers,11236
143,144,이선우,24 P,0.14,6,1,5,3,0,0,0,0,0,0,10.0,6,6,5.35,45,10,0,0,0,4,2,0,4,0,0,0,5.4,5.4,4.82,5.05,5.06,1.4,0.14,https://statiz.sporki.com/data/team/ci/2024/12001.svg,Doosan Bears,14111
144,145,육선엽,24 P,0.14,11,1,10,5,0,0,0,0,0,0,17.0,10,11,12.55,87,19,2,0,3,17,2,0,11,1,0,1,5.29,5.82,6.64,6.46,8.15,2.12,0.14,https://statiz.sporki.com/data/team/ci/2024/1001.svg,Hanwha Eagles,15864
145,146,최승용,24 P,0.14,12,6,6,1,0,0,2,0,0,1,27.0,18,19,20.4,124,37,5,2,6,7,0,0,21,2,0,0,6.0,6.33,6.8,6.85,5.7,1.63,0.14,https://statiz.sporki.com/data/team/ci/2024/6002.svg,NC Dinos,14770
146,147,유승철,24 P,0.13,5,0,5,1,0,0,0,0,0,0,5.0,3,3,1.8,23,3,1,0,0,7,0,0,4,0,0,2,5.4,5.4,3.24,3.54,6.54,2.0,0.13,https://statiz.sporki.com/data/team/ci/2024/2002.svg,KIA Tigers,12914
147,148,진우영,24 P,0.12,6,0,6,6,0,0,0,0,0,0,7.2,4,4,4.0,35,8,3,0,1,4,0,0,6,0,0,2,4.7,4.7,4.7,4.89,5.41,1.57,0.12,https://statiz.sporki.com/data/team/ci/2024/5002.svg,Lotte Giants,16015
148,149,김승일,24 P,0.12,3,0,3,1,0,0,0,0,0,0,3.0,1,1,0.3,13,4,1,0,0,0,1,0,2,0,0,1,3.0,3.0,0.9,0.9,3.57,1.33,0.12,https://statiz.sporki.com/data/team/ci/2024/7002.svg,Samsung Lions,14711
149,150,박시후,24 P,0.12,11,0,11,5,0,0,0,0,0,0,14.2,11,11,10.65,70,18,1,0,1,7,2,0,11,1,0,0,6.75,6.75,6.54,6.34,5.04,1.7,0.12,https://statiz.sporki.com/data/team/ci/2024/9002.svg,SSG Landers,14687
150,151,이용준,24 P,0.12,9,9,0,0,0,0,2,3,0,0,33.2,25,28,25.4,157,42,6,2,5,14,1,0,26,3,0,1,6.68,7.49,6.79,7.1,5.42,1.66,0.12,https://statiz.sporki.com/data/team/ci/2024/11001.svg,KT Wiz,14763
151,152,남지민,24 P,0.12,2,0,2,1,0,0,0,0,0,0,4.0,0,0,1.2,17,2,1,0,0,2,1,0,3,0,0,1,0.0,0.0,2.7,2.7,4.65,1.0,0.12,https://statiz.sporki.com/data/team/ci/2024/7002.svg,Samsung Lions,14619
152,153,김대현,24 P,0.11,37,0,37,8,0,0,2,0,1,1,35.0,21,21,25.0,155,33,6,1,6,18,2,0,30,0,0,5,5.4,5.4,6.43,6.56,5.87,1.46,0.11,https://statiz.sporki.com/data/team/ci/2024/5002.svg,Lotte Giants,12532
153,154,윤호솔,24 P,0.11,7,0,7,2,0,0,0,0,0,0,4.1,2,2,1.65,24,4,0,0,0,8,0,0,5,0,0,0,4.15,4.15,3.43,3.44,7.04,2.77,0.11,https://statiz.sporki.com/data/team/ci/2024/5002.svg,Lotte Giants,11170
154,155,이지강,24 P,0.11,46,2,44,6,0,0,2,3,1,1,53.2,27,35,38.75,250,61,9,0,5,26,2,0,39,5,0,5,4.53,5.87,6.5,6.69,5.11,1.62,0.11,https://statiz.sporki.com/data/team/ci/2024/5002.svg,Lotte Giants,14143
155,156,박승주,24 P,0.1,15,0,15,6,0,0,0,1,0,0,17.1,13,13,11.95,74,16,2,0,2,9,1,0,13,0,0,3,6.75,6.75,6.2,6.56,5.49,1.44,0.1,https://statiz.sporki.com/data/team/ci/2024/10001.svg,Kiwoom Heroes,12989
156,157,박성빈,24 P,0.1,3,0,3,3,0,0,0,0,0,0,2.1,0,0,0.0,9,1,0,0,0,0,1,0,2,0,0,0,0.0,0.0,0.0,0.0,3.38,0.43,0.1,https://statiz.sporki.com/data/team/ci/2024/9002.svg,SSG Landers,16044
157,158,원종현,24 P,0.1,4,0,4,0,0,0,0,0,0,0,3.2,2,2,2.0,18,4,1,0,0,3,0,0,4,0,0,2,4.91,4.91,4.91,4.45,4.01,1.91,0.1,https://statiz.sporki.com/data/team/ci/2024/10001.svg,Kiwoom Heroes,11161
158,159,오승환,24 P,0.09,58,0,58,42,0,0,3,9,27,2,55.0,30,36,40.35,262,75,17,2,9,18,3,3,42,3,0,5,4.91,5.89,6.6,6.17,5.31,1.69,0.09,https://statiz.sporki.com/data/team/ci/2024/1001.svg,Hanwha Eagles,10367
159,160,정우영,24 P,0.09,27,0,27,2,0,0,2,1,0,3,22.2,12,15,15.0,108,31,6,0,0,11,6,0,17,1,0,3,4.76,5.96,5.96,6.38,4.65,1.85,0.09,https://statiz.sporki.com/data/team/ci/2024/5002.svg,Lotte Giants,14136
160,161,박윤성,24 P,0.09,17,0,17,7,0,0,0,0,0,1,18.2,12,12,13.4,81,14,5,0,5,9,0,0,14,2,0,2,5.79,5.79,6.46,6.62,7.01,1.23,0.09,https://statiz.sporki.com/data/team/ci/2024/10001.svg,Kiwoom Heroes,15475
161,162,김진수,24 P,0.09,7,0,7,3,0,0,0,1,0,0,13.1,10,10,9.15,58,17,2,0,3,4,0,0,6,0,0,0,6.75,6.75,6.18,6.15,6.68,1.58,0.09,https://statiz.sporki.com/data/team/ci/2024/5002.svg,Lotte Giants,14781
162,163,홍원표,24 P,0.08,4,0,4,4,0,0,0,0,0,0,6.1,3,3,4.2,28,4,1,0,1,6,0,0,5,0,0,0,4.26,4.26,5.97,5.43,7.04,1.58,0.08,https://statiz.sporki.com/data/team/ci/2024/1001.svg,Hanwha Eagles,14614
163,164,성동현,24 P,0.08,2,0,2,1,0,0,0,0,0,0,2.0,0,0,0.0,8,0,0,0,0,3,0,0,1,0,0,0,0.0,0.0,0.0,0.0,7.6,1.5,0.08,https://statiz.sporki.com/data/team/ci/2024/5002.svg,Lotte Giants,13103
164,165,최성훈,24 P,0.08,28,0,28,0,0,0,0,1,0,3,13.0,10,10,9.3,61,14,1,0,1,9,1,1,10,0,0,2,6.92,6.92,6.44,6.07,5.34,1.77,0.08,https://statiz.sporki.com/data/team/ci/2024/1001.svg,Hanwha Eagles,10851
165,166,김범수,24 P,0.08,39,0,39,6,0,0,0,0,0,4,34.0,20,20,25.1,157,33,2,0,11,20,5,1,38,2,0,3,5.29,5.29,6.64,6.53,7.44,1.56,0.08,https://statiz.sporki.com/data/team/ci/2024/7002.svg,Samsung Lions,11411
166,167,이민석,24 P,0.07,18,5,13,5,0,0,0,2,0,1,31.0,25,27,25.6,153,38,5,3,3,25,2,0,20,1,0,1,7.26,7.84,7.43,7.14,6.44,2.03,0.07,https://statiz.sporki.com/data/team/ci/2024/3001.svg,LG Twins,15045
167,168,이의리,24 P,0.07,4,4,0,0,0,0,1,0,0,0,13.1,8,10,10.0,69,17,3,0,3,14,0,0,14,1,0,0,5.4,6.75,6.75,6.9,7.51,2.33,0.07,https://statiz.sporki.com/data/team/ci/2024/2002.svg,KIA Tigers,14788
168,169,김기훈,24 P,0.06,17,0,17,4,0,0,1,0,0,0,19.2,11,13,14.6,95,16,4,1,1,15,3,0,17,3,1,1,5.03,5.95,6.68,6.71,5.48,1.58,0.06,https://statiz.sporki.com/data/team/ci/2024/2002.svg,KIA Tigers,14176
169,170,임준섭,24 P,0.06,24,0,24,2,0,0,0,0,0,2,11.1,10,11,8.95,56,12,2,1,0,11,3,0,3,0,0,0,7.94,8.74,7.11,6.62,7.37,2.03,0.06,https://statiz.sporki.com/data/team/ci/2024/3001.svg,LG Twins,10795
170,171,장재혁,24 P,0.06,1,0,1,0,0,0,0,0,0,0,1.1,0,0,0.0,7,2,0,0,0,1,0,0,0,0,0,0,0.0,0.0,0.0,0.0,6.52,2.25,0.06,https://statiz.sporki.com/data/team/ci/2024/2002.svg,KIA Tigers,14657
171,172,정동윤,24 P,0.06,3,0,3,1,0,0,0,0,0,0,1.2,0,0,0.35,7,1,0,0,0,1,0,0,2,0,0,0,0.0,0.0,1.89,1.76,3.06,1.2,0.06,https://statiz.sporki.com/data/team/ci/2024/9002.svg,SSG Landers,12571
172,173,송명기,24 P,0.04,33,0,33,5,0,0,2,1,0,4,38.1,25,27,28.7,173,40,7,1,4,17,3,1,31,2,0,7,5.87,6.34,6.74,6.82,4.96,1.49,0.04,https://statiz.sporki.com/data/team/ci/2024/11001.svg,KT Wiz,14155
173,174,박주현,24 P,0.04,3,0,3,1,0,0,0,0,0,0,3.0,2,2,2.0,13,3,0,0,1,1,0,0,4,0,0,0,6.0,6.0,6.0,5.44,5.87,1.33,0.04,https://statiz.sporki.com/data/team/ci/2024/11001.svg,KT Wiz,13175
174,175,원상현,24 P,0.04,22,10,12,3,0,0,2,5,0,1,65.1,51,54,52.8,324,105,18,2,6,31,2,0,59,3,1,7,7.03,7.44,7.27,7.3,4.6,2.08,0.04,https://statiz.sporki.com/data/team/ci/2024/12001.svg,Doosan Bears,16027
175,176,진승현,24 P,0.03,7,0,7,3,0,0,0,1,0,0,6.1,6,6,5.0,32,7,3,0,0,5,0,0,5,2,0,0,8.53,8.53,7.11,6.48,4.67,1.89,0.03,https://statiz.sporki.com/data/team/ci/2024/3001.svg,LG Twins,15047
176,177,박치국,24 P,0.03,52,0,52,15,0,0,2,3,1,3,48.0,34,34,35.05,222,59,6,0,8,18,10,1,35,1,1,1,6.38,6.38,6.57,6.7,6.1,1.6,0.03,https://statiz.sporki.com/data/team/ci/2024/6002.svg,NC Dinos,12850
177,178,정찬헌,24 P,0.03,4,4,0,0,0,0,0,2,0,0,16.0,14,14,13.3,74,26,5,0,3,3,1,0,5,0,0,0,7.88,7.88,7.48,7.26,6.42,1.81,0.03,https://statiz.sporki.com/data/team/ci/2024/10001.svg,Kiwoom Heroes,10533
178,179,정우준,24 P,0.03,8,0,8,5,0,0,0,0,0,0,8.1,4,4,6.6,40,10,2,0,2,7,0,0,5,0,0,0,4.32,4.32,7.13,6.76,8.16,2.04,0.03,https://statiz.sporki.com/data/team/ci/2024/3001.svg,LG Twins,14795
179,180,양현,24 P,0.02,18,0,18,4,0,0,0,1,0,2,13.0,11,11,10.35,64,21,2,0,4,5,1,0,10,0,0,0,7.62,7.62,7.17,6.71,7.37,2.0,0.02,https://statiz.sporki.com/data/team/ci/2024/1001.svg,Hanwha Eagles,10730
180,181,김영현,24 P,0.02,8,0,8,4,0,0,0,0,0,0,7.1,4,6,6.35,39,9,2,0,1,7,1,0,8,1,0,1,4.91,7.36,7.79,7.47,6.48,2.18,0.02,https://statiz.sporki.com/data/team/ci/2024/12001.svg,Doosan Bears,14869
181,182,김규연,24 P,0.01,58,1,57,12,0,0,1,0,0,4,59.0,46,50,46.95,270,66,10,1,6,28,4,1,40,3,0,3,7.02,7.63,7.16,7.05,5.4,1.59,0.01,https://statiz.sporki.com/data/team/ci/2024/7002.svg,Samsung Lions,14871
182,183,이상동,24 P,0.01,29,0,29,8,0,0,0,1,0,3,32.0,19,20,24.45,152,42,9,0,3,14,3,1,30,0,1,4,5.34,5.63,6.88,6.95,4.62,1.75,0.01,https://statiz.sporki.com/data/team/ci/2024/12001.svg,Doosan Bears,14109
183,184,조동욱,24 P,0.0,21,8,13,6,0,0,1,2,0,0,41.0,29,34,35.9,198,57,10,0,5,14,6,0,32,3,1,1,6.37,7.46,7.88,7.68,5.21,1.73,0.0,https://statiz.sporki.com/data/team/ci/2024/7002.svg,Samsung Lions,16108
184,185,김진호,24 P,0.0,2,0,2,1,0,0,0,0,0,0,2.1,2,2,2.0,12,3,0,0,0,2,0,0,3,0,0,0,7.71,7.71,7.71,8.07,3.64,2.14,0.0,https://statiz.sporki.com/data/team/ci/2024/11001.svg,KT Wiz,12897
185,186,하준호,24 P,0.0,2,0,2,1,0,0,0,0,0,0,2.0,2,2,2.0,11,5,0,0,0,1,0,0,0,0,0,0,9.0,9.0,9.0,8.38,5.75,3.0,0.0,https://statiz.sporki.com/data/team/ci/2024/12001.svg,Doosan Bears,10304
186,187,김도윤,24 P,-0.01,2,0,2,2,0,0,0,0,0,0,2.1,1,2,2.0,12,2,1,0,0,2,1,0,1,0,0,0,3.86,7.71,7.71,8.32,7.11,1.71,-0.01,https://statiz.sporki.com/data/team/ci/2024/6002.svg,NC Dinos,14768
187,188,김사윤,24 P,-0.01,23,2,21,10,0,0,0,1,1,0,37.0,19,29,30.05,173,40,6,2,2,25,5,0,36,1,0,4,4.62,7.05,7.31,7.29,4.92,1.76,-0.01,https://statiz.sporki.com/data/team/ci/2024/2002.svg,KIA Tigers,11364
188,189,박준우,24 P,-0.01,2,0,2,2,0,0,0,0,0,0,2.0,2,2,2.0,10,3,1,0,0,1,0,0,1,0,0,0,9.0,9.0,9.0,9.03,4.5,2.0,-0.01,https://statiz.sporki.com/data/team/ci/2024/3001.svg,LG Twins,16092
189,190,윤정현,24 P,-0.02,2,0,2,2,0,0,0,0,0,0,3.0,3,3,3.0,15,4,0,0,0,2,0,0,1,0,0,0,9.0,9.0,9.0,9.41,5.43,2.0,-0.02,https://statiz.sporki.com/data/team/ci/2024/10001.svg,Kiwoom Heroes,14131
190,191,류진욱,24 P,-0.03,50,0,50,5,0,0,2,1,0,10,42.1,27,30,31.9,194,52,8,0,4,19,2,0,37,1,0,3,5.74,6.38,6.78,6.7,4.68,1.68,-0.03,https://statiz.sporki.com/data/team/ci/2024/11001.svg,KT Wiz,11355
191,192,김도규,24 P,-0.03,5,0,5,3,0,0,0,1,0,0,4.0,4,4,3.3,25,5,1,0,0,6,2,1,5,0,1,0,9.0,9.0,7.43,8.06,7.27,2.75,-0.03,https://statiz.sporki.com/data/team/ci/2024/3001.svg,LG Twins,13148
192,193,박준표,24 P,-0.03,8,0,8,2,0,0,0,0,0,1,6.0,4,4,5.2,29,10,2,0,0,3,1,0,4,0,0,0,6.0,6.0,7.8,7.71,4.6,2.17,-0.03,https://statiz.sporki.com/data/team/ci/2024/2002.svg,KIA Tigers,11070
193,194,손주환,24 P,-0.03,4,1,3,2,0,0,0,1,0,0,3.2,4,4,2.8,16,2,0,0,0,2,1,0,4,0,0,0,9.82,9.82,6.87,6.9,4.01,1.09,-0.03,https://statiz.sporki.com/data/team/ci/2024/11001.svg,KT Wiz,16057
194,195,임상현,24 P,-0.03,12,7,5,1,0,0,1,5,0,0,40.1,29,35,34.5,181,46,13,0,5,23,2,0,21,1,0,1,6.47,7.81,7.7,7.64,6.29,1.71,-0.03,https://statiz.sporki.com/data/team/ci/2024/11001.svg,KT Wiz,16053
195,196,유지성,24 P,-0.04,3,0,3,2,0,0,0,0,0,0,2.1,2,4,2.8,14,5,0,0,1,0,1,0,3,1,0,0,7.71,15.43,10.8,10.82,7.41,2.14,-0.04,https://statiz.sporki.com/data/team/ci/2024/2002.svg,KIA Tigers,14607
196,197,이호성,24 P,-0.04,16,12,4,0,0,0,2,4,0,0,45.0,37,39,39.2,224,66,13,1,9,26,2,0,28,0,0,3,7.4,7.8,7.84,7.39,6.95,2.04,-0.04,https://statiz.sporki.com/data/team/ci/2024/1001.svg,Hanwha Eagles,15496
197,198,최채흥,24 P,-0.04,14,1,13,3,0,0,0,0,0,1,20.0,14,15,16.55,96,24,5,1,4,12,0,0,14,2,0,1,6.3,6.75,7.45,7.37,6.69,1.8,-0.04,https://statiz.sporki.com/data/team/ci/2024/1001.svg,Hanwha Eagles,13156
198,199,최성영,24 P,-0.05,24,4,20,7,0,0,2,0,1,1,46.2,30,37,37.5,218,65,10,0,7,17,0,0,29,3,0,0,5.79,7.14,7.23,7.25,5.3,1.76,-0.05,https://statiz.sporki.com/data/team/ci/2024/11001.svg,KT Wiz,12565
199,200,김택형,24 P,-0.05,6,0,6,0,0,0,0,1,0,0,7.0,7,7,6.15,37,10,1,0,1,6,1,1,1,0,1,1,9.0,9.0,7.91,7.9,8.64,2.29,-0.05,https://statiz.sporki.com/data/team/ci/2024/9002.svg,SSG Landers,11373
200,201,채원후,24 P,-0.06,3,0,3,1,0,0,0,0,0,0,3.0,4,4,4.0,18,6,2,0,0,3,0,0,2,0,0,2,12.0,12.0,12.0,11.86,5.63,3.0,-0.06,https://statiz.sporki.com/data/team/ci/2024/11001.svg,KT Wiz,11387
201,202,홍민기,24 P,-0.06,3,1,2,0,0,0,0,0,0,0,3.2,5,7,5.15,24,8,3,0,0,1,2,0,2,2,0,3,12.27,17.18,12.64,11.95,5.37,2.45,-0.06,https://statiz.sporki.com/data/team/ci/2024/3001.svg,LG Twins,14625
202,203,배재환,24 P,-0.07,20,0,20,5,0,0,0,1,0,0,19.2,16,17,16.5,91,20,2,0,5,15,0,1,13,0,0,0,7.32,7.78,7.55,7.56,7.94,1.78,-0.07,https://statiz.sporki.com/data/team/ci/2024/11001.svg,KT Wiz,11248
203,204,박소준,24 P,-0.07,1,1,0,0,0,0,0,1,0,0,4.0,5,5,5.0,20,6,0,0,2,2,0,0,2,0,0,1,11.25,11.25,11.25,10.2,10.45,2.0,-0.07,https://statiz.sporki.com/data/team/ci/2024/6002.svg,NC Dinos,11491
204,205,김민규,24 P,-0.07,7,0,7,3,0,0,0,0,0,0,6.1,4,4,6.05,30,8,1,0,0,3,0,0,2,0,0,1,5.68,5.68,8.6,8.9,4.88,1.74,-0.07,https://statiz.sporki.com/data/team/ci/2024/11001.svg,KT Wiz,16049
205,206,배민서,24 P,-0.08,1,0,1,0,0,0,0,0,0,0,1.2,3,3,3.0,11,4,1,0,0,3,0,0,1,0,0,0,16.2,16.2,16.2,16.17,8.28,4.2,-0.08,https://statiz.sporki.com/data/team/ci/2024/7002.svg,Samsung Lions,14158
206,207,서의태,24 P,-0.08,11,0,11,2,0,0,1,0,0,0,7.2,8,8,7.3,34,5,1,0,1,8,0,0,7,0,0,1,9.39,9.39,8.57,8.78,6.7,1.7,-0.08,https://statiz.sporki.com/data/team/ci/2024/11001.svg,KT Wiz,12574
207,208,문성현,24 P,-0.09,42,0,42,12,0,0,1,2,3,2,38.1,28,28,29.55,189,54,6,2,3,25,2,0,31,1,0,2,6.57,6.57,6.94,7.26,5.29,2.06,-0.09,https://statiz.sporki.com/data/team/ci/2024/10001.svg,Kiwoom Heroes,10437
208,209,장지훈,24 P,-0.09,18,0,18,7,0,0,0,0,0,0,21.1,16,16,18.4,101,29,6,0,3,10,1,0,10,1,0,0,6.75,6.75,7.76,7.62,6.3,1.83,-0.09,https://statiz.sporki.com/data/team/ci/2024/9002.svg,SSG Landers,14804
209,210,박세진,24 P,-0.09,6,0,6,3,0,0,0,0,0,0,5.1,2,4,6.2,25,7,1,0,0,4,0,0,2,1,0,0,3.38,6.75,10.46,10.37,5.59,2.06,-0.09,https://statiz.sporki.com/data/team/ci/2024/12001.svg,Doosan Bears,12572
210,211,성재헌,24 P,-0.09,30,1,29,3,0,0,0,0,0,1,32.0,26,29,27.9,159,46,13,2,1,16,5,2,20,3,1,2,7.31,8.16,7.85,7.73,4.85,1.94,-0.09,https://statiz.sporki.com/data/team/ci/2024/12001.svg,Doosan Bears,14667
211,212,권휘,24 P,-0.1,8,0,8,3,0,0,0,0,0,0,9.0,11,11,8.8,49,15,3,0,0,7,0,0,11,0,0,1,11.0,11.0,8.8,9.22,3.55,2.44,-0.1,https://statiz.sporki.com/data/team/ci/2024/6002.svg,NC Dinos,13665
212,213,강효종,24 P,-0.1,1,1,0,0,0,0,0,0,0,0,1.1,3,3,3.0,9,2,0,0,1,3,0,0,2,0,0,0,20.25,20.25,20.25,18.46,16.35,3.75,-0.1,https://statiz.sporki.com/data/team/ci/2024/5002.svg,Lotte Giants,14780
213,214,김연주,24 P,-0.11,34,0,34,11,0,0,1,1,0,1,31.1,23,24,24.5,148,34,10,0,5,17,5,1,18,0,0,2,6.61,6.89,7.04,7.43,6.74,1.63,-0.11,https://statiz.sporki.com/data/team/ci/2024/10001.svg,Kiwoom Heroes,16127
214,215,손현기,24 P,-0.11,6,2,4,2,0,0,0,1,0,0,14.1,12,14,13.3,69,17,3,1,2,8,3,0,9,0,0,3,7.53,8.79,8.35,8.66,6.67,1.74,-0.11,https://statiz.sporki.com/data/team/ci/2024/10001.svg,Kiwoom Heroes,16125
215,216,정철원,24 P,-0.11,36,0,36,14,0,0,2,1,6,1,32.1,23,24,25.55,165,39,7,2,5,26,5,0,39,1,0,0,6.4,6.68,7.11,7.01,6.0,2.01,-0.11,https://statiz.sporki.com/data/team/ci/2024/6002.svg,NC Dinos,13071
216,217,김윤식,24 P,-0.11,1,1,0,0,0,0,0,0,0,0,3.0,4,4,4.0,17,7,2,0,0,1,0,0,1,1,0,0,12.0,12.0,12.0,12.94,4.4,2.67,-0.11,https://statiz.sporki.com/data/team/ci/2024/5002.svg,Lotte Giants,14588
217,218,이충호,24 P,-0.12,3,0,3,0,0,0,0,0,0,0,2.1,1,1,3.05,13,4,1,0,0,3,0,0,3,0,0,0,3.86,3.86,11.76,11.02,4.97,3.0,-0.12,https://statiz.sporki.com/data/team/ci/2024/7002.svg,Samsung Lions,11116
218,219,이종민,24 P,-0.12,12,9,3,0,0,0,1,8,0,0,43.2,37,39,36.1,212,56,10,2,9,22,5,2,21,2,1,0,7.63,8.04,7.44,7.72,7.22,1.79,-0.12,https://statiz.sporki.com/data/team/ci/2024/10001.svg,Kiwoom Heroes,14576
219,220,백승건,24 P,-0.12,10,0,10,7,0,0,0,0,0,0,9.1,8,9,11.05,51,13,2,0,2,9,0,0,5,2,0,1,7.71,8.68,10.66,10.05,8.4,2.36,-0.12,https://statiz.sporki.com/data/team/ci/2024/9002.svg,SSG Landers,14145
220,221,신영우,24 P,-0.13,4,2,2,2,0,0,0,1,0,0,9.1,11,11,10.15,52,9,3,0,0,15,2,0,6,0,0,1,10.61,10.61,9.79,9.54,8.24,2.57,-0.13,https://statiz.sporki.com/data/team/ci/2024/11001.svg,KT Wiz,15450
221,222,이채호,24 P,-0.13,9,0,9,1,0,0,0,0,0,0,6.2,7,7,7.0,37,13,0,1,2,3,1,0,5,0,0,1,9.45,9.45,9.45,9.51,7.75,2.4,-0.13,https://statiz.sporki.com/data/team/ci/2024/12001.svg,Doosan Bears,13130
222,223,장지수,24 P,-0.14,13,0,13,7,0,0,0,0,0,0,14.0,17,18,14.75,75,23,5,2,0,10,2,2,11,1,0,2,10.93,11.57,9.48,9.15,4.45,2.36,-0.14,https://statiz.sporki.com/data/team/ci/2024/7002.svg,Samsung Lions,14178
223,224,소이현,24 P,-0.15,4,0,4,3,0,0,0,0,0,0,3.1,5,7,5.95,19,6,3,0,0,1,1,0,1,1,0,0,13.5,18.9,16.07,16.65,5.31,2.1,-0.15,https://statiz.sporki.com/data/team/ci/2024/11001.svg,KT Wiz,12900
224,225,김민재,24 P,-0.15,4,0,4,4,0,0,0,0,0,0,4.0,7,7,7.0,22,9,0,0,3,1,1,0,3,0,0,0,15.75,15.75,15.75,14.94,12.8,2.5,-0.15,https://statiz.sporki.com/data/team/ci/2024/2002.svg,KIA Tigers,16083
225,226,고효준,24 P,-0.16,26,0,26,2,0,0,2,1,0,5,22.0,20,21,19.25,109,23,4,0,4,20,1,1,27,1,0,2,8.18,8.59,7.88,7.36,6.25,1.95,-0.16,https://statiz.sporki.com/data/team/ci/2024/9002.svg,SSG Landers,10124
226,227,임기영,24 P,-0.16,37,3,34,3,0,0,6,2,0,2,45.2,32,35,37.2,218,61,12,0,8,17,1,1,36,4,1,1,6.31,6.9,7.33,7.37,5.47,1.71,-0.16,https://statiz.sporki.com/data/team/ci/2024/2002.svg,KIA Tigers,10909
227,228,김대호,24 P,-0.17,1,1,0,0,0,0,0,1,0,0,4.0,5,6,6.0,22,7,2,0,1,2,0,0,1,1,0,0,11.25,13.5,13.5,13.55,8.1,2.25,-0.17,https://statiz.sporki.com/data/team/ci/2024/1001.svg,Hanwha Eagles,15882
228,229,진해수,24 P,-0.17,54,0,54,3,0,0,2,1,0,5,27.2,19,21,23.55,128,36,3,0,5,10,3,1,22,0,0,2,6.18,6.83,7.66,7.29,5.82,1.66,-0.17,https://statiz.sporki.com/data/team/ci/2024/3001.svg,LG Twins,10075
229,230,주권,24 P,-0.18,48,1,47,13,0,0,1,1,0,0,58.0,43,48,49.9,254,78,14,2,7,11,3,0,31,2,0,0,6.67,7.45,7.74,7.6,5.05,1.53,-0.18,https://statiz.sporki.com/data/team/ci/2024/12001.svg,Doosan Bears,11323
230,231,강건,24 P,-0.18,4,1,3,2,0,0,0,1,0,0,4.0,5,5,5.85,24,8,0,1,1,4,1,0,3,0,0,0,11.25,11.25,13.16,13.69,9.17,3.0,-0.18,https://statiz.sporki.com/data/team/ci/2024/12001.svg,Doosan Bears,15527
231,232,박범준,24 P,-0.19,5,0,5,3,0,0,0,1,0,0,5.1,8,8,7.3,28,7,2,0,1,4,1,0,8,0,0,2,13.5,13.5,12.32,11.88,5.59,2.06,-0.19,https://statiz.sporki.com/data/team/ci/2024/10001.svg,Kiwoom Heroes,16133
232,233,김태현,24 P,-0.2,11,0,11,2,0,0,0,0,0,0,10.0,8,10,11.2,50,14,4,0,3,7,0,0,3,2,0,1,7.2,9.0,10.08,10.43,9.19,2.1,-0.2,https://statiz.sporki.com/data/team/ci/2024/11001.svg,KT Wiz,12898
233,234,신헌민,24 P,-0.21,3,0,3,3,0,0,0,0,0,0,3.0,6,7,7.0,18,7,2,0,2,3,1,0,0,0,0,0,18.0,21.0,21.0,20.88,16.27,3.33,-0.21,https://statiz.sporki.com/data/team/ci/2024/9002.svg,SSG Landers,15024
234,235,전용주,24 P,-0.22,4,0,4,0,0,0,0,0,0,0,1.2,2,3,3.15,11,2,0,0,0,3,1,0,4,0,0,0,10.8,16.2,17.01,17.02,5.64,3.0,-0.22,https://statiz.sporki.com/data/team/ci/2024/12001.svg,Doosan Bears,14106
235,236,최동환,24 P,-0.23,26,0,26,7,0,0,0,1,0,2,22.0,17,18,19.7,105,35,6,0,4,9,0,0,14,1,0,0,6.95,7.36,8.06,8.52,6.04,2.0,-0.23,https://statiz.sporki.com/data/team/ci/2024/5002.svg,Lotte Giants,10535
236,237,김건국,24 P,-0.23,20,3,17,3,0,0,0,1,0,0,34.1,30,33,31.1,165,48,8,0,5,14,2,0,20,3,0,3,7.86,8.65,8.15,8.14,5.92,1.81,-0.23,https://statiz.sporki.com/data/team/ci/2024/2002.svg,KIA Tigers,12944
237,238,김윤수,24 P,-0.24,4,0,4,2,0,0,0,0,0,0,5.1,6,6,6.7,26,6,0,0,0,7,0,0,2,0,0,1,10.13,10.13,11.31,10.93,7.33,2.44,-0.24,https://statiz.sporki.com/data/team/ci/2024/1001.svg,Hanwha Eagles,13162
238,239,한차현,24 P,-0.24,10,5,5,2,0,0,0,4,0,0,19.0,21,22,19.7,103,29,4,1,4,18,0,0,17,1,0,2,9.95,10.42,9.33,9.4,7.4,2.47,-0.24,https://statiz.sporki.com/data/team/ci/2024/12001.svg,Doosan Bears,14776
239,240,김동주,24 P,-0.25,14,9,5,3,1,0,1,3,0,0,50.0,38,46,42.45,244,67,12,3,6,21,4,0,35,3,1,7,6.84,8.28,7.64,7.9,5.43,1.76,-0.25,https://statiz.sporki.com/data/team/ci/2024/6002.svg,NC Dinos,14769
240,241,김주온,24 P,-0.26,2,0,2,2,0,0,0,0,0,0,4.2,8,8,9.55,25,8,1,0,2,3,0,0,4,0,0,0,15.43,15.43,18.42,18.21,9.15,2.36,-0.26,https://statiz.sporki.com/data/team/ci/2024/9002.svg,SSG Landers,13057
241,242,윤대경,24 P,-0.26,7,0,7,1,0,0,0,0,0,0,7.2,9,9,10.2,40,10,3,0,1,6,1,1,7,0,0,0,10.57,10.57,11.97,11.77,6.3,2.09,-0.26,https://statiz.sporki.com/data/team/ci/2024/7002.svg,Samsung Lions,11110
242,243,목지훈,24 P,-0.26,3,3,0,0,0,0,0,1,0,0,9.0,12,12,11.15,52,15,6,0,1,10,2,0,3,1,0,1,12.0,12.0,11.15,11.79,8.82,2.78,-0.26,https://statiz.sporki.com/data/team/ci/2024/11001.svg,KT Wiz,15453
243,244,이믿음,24 P,-0.27,1,1,0,0,0,0,0,1,0,0,4.0,7,7,7.0,27,11,2,0,0,4,0,0,2,0,0,0,15.75,15.75,15.75,16.98,6.05,3.75,-0.27,https://statiz.sporki.com/data/team/ci/2024/5002.svg,Lotte Giants,14847
244,245,현도훈,24 P,-0.3,8,0,8,5,0,0,0,1,0,0,10.0,10,11,12.05,50,15,3,1,2,6,0,0,8,2,0,1,9.0,9.9,10.85,9.99,6.44,2.1,-0.3,https://statiz.sporki.com/data/team/ci/2024/3001.svg,LG Twins,13271
245,246,이형범,24 P,-0.3,16,0,16,5,0,0,0,1,0,2,15.0,13,17,15.8,83,26,4,0,2,7,5,1,9,2,0,0,7.8,10.2,9.48,9.66,6.77,2.2,-0.3,https://statiz.sporki.com/data/team/ci/2024/2002.svg,KIA Tigers,11159
246,247,이명종,24 P,-0.3,10,0,10,7,0,0,0,1,0,0,11.0,10,10,13.3,58,20,2,0,4,5,0,1,4,1,0,1,8.18,8.18,10.88,11.51,8.74,2.27,-0.3,https://statiz.sporki.com/data/team/ci/2024/10001.svg,Kiwoom Heroes,15073
247,248,이인복,24 P,-0.31,8,6,2,1,0,0,0,3,0,0,33.0,35,35,36.05,159,49,14,0,10,13,3,0,20,1,0,4,9.55,9.55,9.83,9.35,7.79,1.88,-0.31,https://statiz.sporki.com/data/team/ci/2024/3001.svg,LG Twins,11232
248,249,김현수,24 P,-0.31,5,0,5,4,0,0,0,0,0,0,5.0,10,10,10.15,28,7,4,0,0,5,1,0,4,0,0,2,18.0,18.0,18.27,18.33,5.92,2.4,-0.31,https://statiz.sporki.com/data/team/ci/2024/2002.svg,KIA Tigers,14162
249,250,김호준,24 P,-0.31,16,1,15,6,0,0,1,2,0,0,13.1,13,14,15.0,68,22,6,1,1,4,5,0,6,0,0,0,8.78,9.45,10.13,9.94,6.06,1.95,-0.31,https://statiz.sporki.com/data/team/ci/2024/6002.svg,NC Dinos,13268
250,251,이승민,24 P,-0.33,25,8,17,6,0,0,1,4,0,0,47.1,45,48,45.25,237,71,8,1,14,26,3,0,23,5,0,1,8.56,9.13,8.6,8.27,8.4,2.05,-0.33,https://statiz.sporki.com/data/team/ci/2024/1001.svg,Hanwha Eagles,14616
251,252,김영준,24 P,-0.33,14,0,14,5,0,0,1,1,0,0,15.1,14,17,16.65,76,21,3,0,2,9,0,1,11,3,0,2,8.22,9.98,9.77,10.23,5.58,1.96,-0.33,https://statiz.sporki.com/data/team/ci/2024/5002.svg,Lotte Giants,13102
252,253,박명근,24 P,-0.34,33,0,33,3,0,0,2,2,1,8,25.1,18,20,20.65,120,29,4,0,6,12,3,0,13,3,0,0,6.39,7.11,7.34,7.79,7.57,1.62,-0.34,https://statiz.sporki.com/data/team/ci/2024/5002.svg,Lotte Giants,15486
253,254,서진용,24 P,-0.35,51,0,51,3,0,0,0,1,0,6,47.0,29,34,40.85,211,52,11,1,5,26,0,2,38,3,0,4,5.55,6.51,7.82,7.52,5.09,1.66,-0.35,https://statiz.sporki.com/data/team/ci/2024/9002.svg,SSG Landers,10784
254,255,전준표,24 P,-0.35,18,5,13,4,0,0,2,4,0,0,27.2,21,28,27.0,144,35,4,0,4,20,5,0,18,4,0,4,6.83,9.11,8.78,8.93,7.09,1.99,-0.35,https://statiz.sporki.com/data/team/ci/2024/10001.svg,Kiwoom Heroes,16122
255,256,송재영,24 P,-0.36,19,0,19,4,0,0,0,1,1,3,8.1,10,10,10.4,40,9,3,0,2,5,1,0,9,0,1,1,10.8,10.8,11.23,10.38,6.59,1.68,-0.36,https://statiz.sporki.com/data/team/ci/2024/3001.svg,LG Twins,14794
256,257,정지헌,24 P,-0.41,17,0,17,4,0,0,0,0,0,1,12.1,16,18,15.65,69,19,2,0,2,11,3,0,11,2,0,3,11.68,13.14,11.42,11.87,7.42,2.43,-0.41,https://statiz.sporki.com/data/team/ci/2024/5002.svg,Lotte Giants,16017
257,258,전사민,24 P,-0.45,17,0,17,9,0,0,0,0,0,0,23.2,25,25,26.05,128,39,6,1,3,17,3,0,17,0,2,4,9.51,9.51,9.91,10.02,6.53,2.37,-0.45,https://statiz.sporki.com/data/team/ci/2024/11001.svg,KT Wiz,14156
258,259,전루건,24 P,-0.45,6,0,6,1,0,0,0,0,0,0,5.2,14,14,14.15,44,15,3,0,0,9,4,0,0,0,0,0,22.24,22.24,22.47,21.89,11.31,4.24,-0.45,https://statiz.sporki.com/data/team/ci/2024/11001.svg,KT Wiz,14171
259,260,백승현,24 P,-0.5,36,0,36,7,0,0,2,1,2,1,26.2,27,28,25.6,135,33,7,0,3,22,2,2,14,0,0,1,9.11,9.45,8.64,8.92,6.9,2.06,-0.5,https://statiz.sporki.com/data/team/ci/2024/5002.svg,Lotte Giants,13009
260,261,이태양,24 P,-0.5,10,1,9,3,0,0,0,2,0,0,9.1,12,13,14.2,48,17,3,0,4,2,0,0,2,1,0,0,11.57,12.54,13.69,13.89,9.43,2.04,-0.5,https://statiz.sporki.com/data/team/ci/2024/7002.svg,Samsung Lions,10609
261,262,오석주,24 P,-0.5,17,0,17,7,0,0,1,1,0,0,17.0,21,21,20.15,92,28,4,1,0,11,3,1,16,1,0,2,11.12,11.12,10.67,11.22,4.4,2.29,-0.5,https://statiz.sporki.com/data/team/ci/2024/10001.svg,Kiwoom Heroes,12860
262,263,조영건,24 P,-0.55,25,3,22,3,0,0,2,1,0,1,39.1,35,39,35.55,197,51,10,1,7,24,1,0,31,3,0,3,8.01,8.92,8.13,8.83,6.01,1.91,-0.55,https://statiz.sporki.com/data/team/ci/2024/10001.svg,Kiwoom Heroes,14132
263,264,이교훈,24 P,-0.56,33,0,33,7,0,0,1,1,0,1,35.1,29,32,32.65,166,43,11,1,7,17,2,0,27,2,0,0,7.39,8.15,8.32,8.78,6.31,1.7,-0.56,https://statiz.sporki.com/data/team/ci/2024/6002.svg,NC Dinos,14173
264,265,이건욱,24 P,-0.58,10,2,8,1,0,0,1,2,0,0,19.0,24,25,24.3,106,34,4,0,5,15,2,0,17,2,0,3,11.37,11.84,11.51,11.46,7.87,2.58,-0.58,https://statiz.sporki.com/data/team/ci/2024/9002.svg,SSG Landers,11242
265,266,김대유,24 P,-0.61,37,0,37,5,0,0,0,0,0,8,25.0,23,23,26.45,122,35,5,0,4,12,2,0,26,0,0,1,8.28,8.28,9.52,9.57,5.24,1.88,-0.61,https://statiz.sporki.com/data/team/ci/2024/2002.svg,KIA Tigers,10706
266,267,이준호,24 P,-0.62,38,2,36,12,0,0,3,5,0,2,49.1,41,41,46.4,243,71,11,0,7,26,3,0,42,1,0,0,7.48,7.48,8.46,8.64,5.58,1.97,-0.62,https://statiz.sporki.com/data/team/ci/2024/11001.svg,KT Wiz,15455
267,268,나균안,24 P,-0.64,26,14,12,4,0,0,4,7,0,0,73.0,69,73,73.5,380,114,19,0,15,47,5,0,74,2,0,10,8.51,9.0,9.06,8.73,6.32,2.21,-0.64,https://statiz.sporki.com/data/team/ci/2024/3001.svg,LG Twins,12930
268,269,윤석원,24 P,-0.66,11,1,10,3,0,0,0,1,0,0,17.1,22,24,24.2,88,31,11,0,3,7,2,0,1,2,1,3,11.42,12.46,12.57,12.91,7.72,2.19,-0.66,https://statiz.sporki.com/data/team/ci/2024/10001.svg,Kiwoom Heroes,15071
269,270,최민준,24 P,-0.67,32,0,32,3,0,0,1,0,0,0,39.1,34,36,41.2,202,61,9,1,9,24,3,1,40,2,0,1,7.78,8.24,9.43,9.17,6.43,2.16,-0.67,https://statiz.sporki.com/data/team/ci/2024/9002.svg,SSG Landers,13126
270,271,최이준,24 P,-0.7,23,0,23,11,0,0,3,0,0,0,24.2,20,22,27.85,126,40,6,1,3,16,1,1,17,1,0,1,7.3,8.03,10.16,9.76,6.06,2.27,-0.7,https://statiz.sporki.com/data/team/ci/2024/3001.svg,LG Twins,13169
271,272,김동혁,24 P,-0.72,17,0,17,8,0,0,0,2,0,0,22.1,17,21,23.75,102,27,5,1,7,10,2,0,9,1,0,0,6.85,8.46,9.57,9.86,8.59,1.66,-0.72,https://statiz.sporki.com/data/team/ci/2024/10001.svg,Kiwoom Heroes,14674
272,273,이우찬,24 P,-0.73,42,1,41,3,0,0,3,2,0,6,33.2,33,35,33.15,172,42,6,1,2,30,1,0,31,4,1,6,8.82,9.36,8.86,8.94,5.46,2.14,-0.73,https://statiz.sporki.com/data/team/ci/2024/5002.svg,Lotte Giants,10749
273,274,이재익,24 P,-0.76,9,0,9,1,0,0,1,0,0,0,9.2,19,19,17.75,58,29,3,0,2,4,0,0,6,0,0,0,17.69,17.69,16.53,17.15,6.39,3.41,-0.76,https://statiz.sporki.com/data/team/ci/2024/1001.svg,Hanwha Eagles,13244
274,275,문용익,24 P,-0.79,12,0,12,4,0,0,0,0,0,0,17.0,23,27,28.55,99,23,4,0,2,22,2,0,17,3,0,2,12.18,14.29,15.11,15.15,7.48,2.65,-0.79,https://statiz.sporki.com/data/team/ci/2024/12001.svg,Doosan Bears,12885
275,276,윤중현,24 P,-0.82,11,0,11,4,0,0,0,0,0,0,10.1,16,17,19.25,62,22,2,1,4,9,3,1,4,1,0,0,13.94,14.81,16.77,16.88,11.14,3.0,-0.82,https://statiz.sporki.com/data/team/ci/2024/2002.svg,KIA Tigers,13122
276,277,더거,24 P,-0.84,6,6,0,0,0,0,0,3,0,0,22.2,32,33,33.0,116,37,7,3,2,10,3,0,18,1,0,0,12.71,13.1,13.1,12.8,5.04,2.07,-0.84,https://statiz.sporki.com/data/team/ci/2024/9002.svg,SSG Landers,16141
277,278,한승주,24 P,-0.95,18,0,18,6,0,0,0,2,0,0,22.0,28,31,30.15,120,45,6,1,2,10,3,0,14,2,0,1,11.45,12.68,12.33,12.5,5.52,2.5,-0.95,https://statiz.sporki.com/data/team/ci/2024/7002.svg,Samsung Lions,14621
278,279,이용찬,24 P,-1.14,57,0,57,36,0,0,3,9,16,2,54.1,37,48,46.5,262,82,20,3,6,21,2,1,49,5,0,6,6.13,7.95,7.7,8.0,4.57,1.9,-1.14,https://statiz.sporki.com/data/team/ci/2024/11001.svg,KT Wiz,10217
279,280,김명신,24 P,-1.42,35,0,35,5,0,0,2,1,0,4,32.2,34,34,38.5,168,63,7,0,8,8,2,0,25,1,0,1,9.37,9.37,10.61,11.17,6.15,2.17,-1.42,https://statiz.sporki.com/data/team/ci/2024/6002.svg,NC Dinos,12847
